audit_case_id,audit_id,candidate_id,candidate_name,committee_description,committee_designation,committee_id,committee_name,committee_type,cycle,far_release_date,link_to_report,primary_category_list
2286,806,,N/A,HYBRID PAC (WITH NON-CONTRIBUTION ACCOUNT) - NONQUALIFIED,U,C00811711,DAO FOR AMERICA,V,2022,2024-06-25,https://www.fec.gov/legal-resources/enforcement/audit-reports/unauthorized-committee-audit-reports/,"[{'primary_category_id': '16', 'primary_category_name': 'No Findings or Issues/Not a Committee', 'sub_category_list': [{'sub_category_id': '0', 'sub_category_name': 'No Findings or Issues'}]}]"
2284,793,,N/A,QUALIFIED NON-PARTY,U,C00348540,1199 SERVICE EMPLOYEES INT'L UNION FEDERAL POLITICAL ACTION FUND,Q,2020,2024-04-08,https://www.fec.gov/legal-resources/enforcement/audit-reports/unauthorized-committee-audit-reports/1199-seiu-united-healthcare-workers-east-federal-political-action-fund-2020/,"[{'primary_category_id': '3', 'primary_category_name': 'Disclosure', 'sub_category_list': [{'sub_category_id': '244', 'sub_category_name': 'Independent Expenditures'}]}, {'primary_category_id': '4', 'primary_category_name': 'Recordkeeping', 'sub_category_list': [{'sub_category_id': '244', 'sub_category_name': 'Independent Expenditures'}]}, {'primary_category_id': '7', 'primary_category_name': 'Misstatement of Financial Activity', 'sub_category_list': [{'sub_category_id': '211', 'sub_category_name': 'Cash Balances'}]}]"
2276,790,H8PR00054,"ACEVEDO-VILA, ANIBAL",HOUSE,P,C00738856,ANIBAL COMISIONADO 2020,H,2020,2022-10-31,https://www.fec.gov/legal-resources/enforcement/audit-reports/authorized-committee-audit-reports/an%C3%ADbal-comisionado-2020/,"[{'primary_category_id': '3', 'primary_category_name': 'Disclosure', 'sub_category_list': [{'sub_category_id': '251', 'sub_category_name': 'Occupation/Name of Employer'}]}, {'primary_category_id': '7', 'primary_category_name': 'Misstatement of Financial Activity', 'sub_category_list': [{'sub_category_id': '211', 'sub_category_name': 'Cash Balances'}, {'sub_category_id': '227', 'sub_category_name': 'Disbursements'}, {'sub_category_id': '257', 'sub_category_name': 'Receipts'}]}]"
2282,788,H4CA23011,"WATERS, MAXINE",HOUSE,P,C00167585,CITIZENS FOR WATERS,H,2020,2023-11-29,https://www.fec.gov/legal-resources/enforcement/audit-reports/authorized-committee-audit-reports/citizens-for-waters-2020/,"[{'primary_category_id': '5', 'primary_category_name': 'Excessive Contributions', 'sub_category_list': [{'sub_category_id': '245', 'sub_category_name': 'Individuals'}]}, {'primary_category_id': '7', 'primary_category_name': 'Misstatement of Financial Activity', 'sub_category_list': [{'sub_category_id': '211', 'sub_category_name': 'Cash Balances'}, {'sub_category_id': '227', 'sub_category_name': 'Disbursements'}, {'sub_category_id': '257', 'sub_category_name': 'Receipts'}]}, {'primary_category_id': '9', 'primary_category_name': 'Other', 'sub_category_list': [{'sub_category_id': '212', 'sub_category_name': 'Cash Disbursements'}]}]"
2280,798,,N/A,QUALIFIED NON-PARTY,B,C00002089,COMMUNICATIONS WORKERS OF AMERICA-COPE POLITICAL CONTRIBUTIONS COMMITTEE,Q,2020,2023-09-13,https://www.fec.gov/legal-resources/enforcement/audit-reports/unauthorized-committee-audit-reports/communications-workers-of-america-cope-pcc-2020/,"[{'primary_category_id': '3', 'primary_category_name': 'Disclosure', 'sub_category_list': [{'sub_category_id': '251', 'sub_category_name': 'Occupation/Name of Employer'}]}, {'primary_category_id': '7', 'primary_category_name': 'Misstatement of Financial Activity', 'sub_category_list': [{'sub_category_id': '211', 'sub_category_name': 'Cash Balances'}]}]"
2277,792,S8ID00092,"RISCH, JAMES E",SENATE,P,C00440362,JIM RISCH FOR U.S. SENATE COMMITTEE,S,2020,2023-03-15,https://www.fec.gov/legal-resources/enforcement/audit-reports/authorized-committee-audit-reports/jim-risch-for-us-senate-committee-2020/,"[{'primary_category_id': '1', 'primary_category_name': 'Failure to File Reports/Schedules/Notices', 'sub_category_list': [{'sub_category_id': '203', 'sub_category_name': '48 Hour Notices'}]}, {'primary_category_id': '5', 'primary_category_name': 'Excessive Contributions', 'sub_category_list': [{'sub_category_id': '245', 'sub_category_name': 'Individuals'}]}, {'primary_category_id': '7', 'primary_category_name': 'Misstatement of Financial Activity', 'sub_category_list': [{'sub_category_id': '211', 'sub_category_name': 'Cash Balances'}, {'sub_category_id': '227', 'sub_category_name': 'Disbursements'}, {'sub_category_id': '257', 'sub_category_name': 'Receipts'}]}]"
2279,797,,N/A,NON-QUALIFIED NON-PARTY,U,C00685776,LATINOS FOR THE PRESIDENT,N,2020,2023-06-26,https://www.fec.gov/legal-resources/enforcement/audit-reports/unauthorized-committee-audit-reports/latinos-for-america-first-2020/,"[{'primary_category_id': '3', 'primary_category_name': 'Disclosure', 'sub_category_list': [{'sub_category_id': '251', 'sub_category_name': 'Occupation/Name of Employer'}]}, {'primary_category_id': '7', 'primary_category_name': 'Misstatement of Financial Activity', 'sub_category_list': [{'sub_category_id': '211', 'sub_category_name': 'Cash Balances'}, {'sub_category_id': '227', 'sub_category_name': 'Disbursements'}, {'sub_category_id': '257', 'sub_category_name': 'Receipts'}]}, {'primary_category_id': '9', 'primary_category_name': 'Other', 'sub_category_list': [{'sub_category_id': '290', 'sub_category_name': 'Increased Activity'}]}]"
2285,796,,N/A,HYBRID PAC (WITH NON-CONTRIBUTION ACCOUNT) - QUALIFIED,U,C00298000,MADISON PROJECT INC.,W,2020,2024-05-03,https://www.fec.gov/legal-resources/enforcement/audit-reports/unauthorized-committee-audit-reports/madison-project-inc-2020/,"[{'primary_category_id': '3', 'primary_category_name': 'Disclosure', 'sub_category_list': [{'sub_category_id': '251', 'sub_category_name': 'Occupation/Name of Employer'}]}]"
2283,794,,N/A,QUALIFIED PARTY,U,C00167213,OKLAHOMA LEADERSHIP COUNCIL,Y,2020,2023-12-22,https://www.fec.gov/legal-resources/enforcement/audit-reports/unauthorized-committee-audit-reports/oklahoma-leadership-council-2020/,"[{'primary_category_id': '1', 'primary_category_name': 'Failure to File Reports/Schedules/Notices', 'sub_category_list': [{'sub_category_id': '201', 'sub_category_name': '24/48 Hour Report-Independent Expenditures'}]}, {'primary_category_id': '3', 'primary_category_name': 'Disclosure', 'sub_category_list': [{'sub_category_id': '224', 'sub_category_name': 'Debt and Obligations'}, {'sub_category_id': '244', 'sub_category_name': 'Independent Expenditures'}]}, {'primary_category_id': '4', 'primary_category_name': 'Recordkeeping', 'sub_category_list': [{'sub_category_id': '285', 'sub_category_name': 'Federal Election Activity-Services Provided by an Employee'}, {'sub_category_id': '289', 'sub_category_name': 'Communications'}]}, {'primary_category_id': '6', 'primary_category_name': 'Prohibited Contributions', 'sub_category_list': [{'sub_category_id': '269', 'sub_category_name': 'Unregistered Organizations/Non-federal Accounts'}]}, {'primary_category_id': '7', 'primary_category_name': 'Misstatement of Financial Activity', 'sub_category_list': [{'sub_category_id': '227', 'sub_category_name': 'Disbursements'}, {'sub_category_id': '257', 'sub_category_name': 'Receipts'}]}, {'primary_category_id': '9', 'primary_category_name': 'Other', 'sub_category_list': [{'sub_category_id': '290', 'sub_category_name': 'Increased Activity'}]}]"
2278,787,H4TX18054,"LEE, SHEILA JACKSON",HOUSE,P,C00287904,SHEILA JACKSON LEE FOR CONGRESS,H,2020,2023-03-23,https://www.fec.gov/legal-resources/enforcement/audit-reports/authorized-committee-audit-reports/sheila-jackson-lee-for-congress-2020/,"[{'primary_category_id': '5', 'primary_category_name': 'Excessive Contributions', 'sub_category_list': [{'sub_category_id': '245', 'sub_category_name': 'Individuals'}]}, {'primary_category_id': '6', 'primary_category_name': 'Prohibited Contributions', 'sub_category_list': [{'sub_category_id': '222', 'sub_category_name': 'Corporations'}]}, {'primary_category_id': '7', 'primary_category_name': 'Misstatement of Financial Activity', 'sub_category_list': [{'sub_category_id': '211', 'sub_category_name': 'Cash Balances'}, {'sub_category_id': '227', 'sub_category_name': 'Disbursements'}, {'sub_category_id': '257', 'sub_category_name': 'Receipts'}]}]"
2281,791,S2MT00096,"DAINES, STEVE",SENATE,P,C00491357,STEVE DAINES FOR MONTANA,S,2020,2023-11-15,https://www.fec.gov/legal-resources/enforcement/audit-reports/authorized-committee-audit-reports/steve-daines-for-montana-2020/,"[{'primary_category_id': '3', 'primary_category_name': 'Disclosure', 'sub_category_list': [{'sub_category_id': '224', 'sub_category_name': 'Debt and Obligations'}, {'sub_category_id': '257', 'sub_category_name': 'Receipts'}]}, {'primary_category_id': '5', 'primary_category_name': 'Excessive Contributions', 'sub_category_list': [{'sub_category_id': '245', 'sub_category_name': 'Individuals'}]}]"
2273,789,H2TX14149,"WEBER, RANDY",HOUSE,P,C00502229,WEBER FOR CONGRESS,H,2020,2022-09-01,https://www.fec.gov/legal-resources/enforcement/audit-reports/authorized-committee-audit-reports/weber-for-congress-2020/,"[{'primary_category_id': '1', 'primary_category_name': 'Failure to File Reports/Schedules/Notices', 'sub_category_list': [{'sub_category_id': '203', 'sub_category_name': '48 Hour Notices'}]}, {'primary_category_id': '5', 'primary_category_name': 'Excessive Contributions', 'sub_category_list': [{'sub_category_id': '245', 'sub_category_name': 'Individuals'}]}, {'primary_category_id': '7', 'primary_category_name': 'Misstatement of Financial Activity', 'sub_category_list': [{'sub_category_id': '211', 'sub_category_name': 'Cash Balances'}, {'sub_category_id': '227', 'sub_category_name': 'Disbursements'}]}]"
2271,781,,N/A,INDEPENDENT EXPENDITURE-ONLY COMMITTEE,U,C00622472,ASSOCIATION FOR EMERGENCY RESPONDERS AND FIREFIGHTERS,O,2018,2022-08-15,https://www.fec.gov/legal-resources/enforcement/audit-reports/unauthorized-committee-audit-reports/association-for-emergency-responders-and-firefighters-pac-2018/,"[{'primary_category_id': '4', 'primary_category_name': 'Recordkeeping', 'sub_category_list': [{'sub_category_id': '227', 'sub_category_name': 'Disbursements'}]}, {'primary_category_id': '7', 'primary_category_name': 'Misstatement of Financial Activity', 'sub_category_list': [{'sub_category_id': '287', 'sub_category_name': 'Use of Campaign Depository'}]}, {'primary_category_id': '9', 'primary_category_name': 'Other', 'sub_category_list': [{'sub_category_id': '234', 'sub_category_name': 'Expenses Paid by Others'}, {'sub_category_id': '290', 'sub_category_name': 'Increased Activity'}]}]"
2267,778,,N/A,QUALIFIED PARTY,U,C00167320,CONNECTICUT DEMOCRATIC STATE CENTRAL COMMITTEE,Y,2018,2022-02-23,https://www.fec.gov/legal-resources/enforcement/audit-reports/unauthorized-committee-audit-reports/connecticut-democratic-state-central-committee-2018/,"[{'primary_category_id': '3', 'primary_category_name': 'Disclosure', 'sub_category_list': [{'sub_category_id': '224', 'sub_category_name': 'Debt and Obligations'}]}, {'primary_category_id': '4', 'primary_category_name': 'Recordkeeping', 'sub_category_list': [{'sub_category_id': '285', 'sub_category_name': 'Federal Election Activity-Services Provided by an Employee'}]}, {'primary_category_id': '6', 'primary_category_name': 'Prohibited Contributions', 'sub_category_list': [{'sub_category_id': '269', 'sub_category_name': 'Unregistered Organizations/Non-federal Accounts'}]}]"
2268,784,,N/A,NON-QUALIFIED NON-PARTY,U,C00468314,"DEMOCRACY ENGINE, INC., PAC",N,2018,2022-04-29,https://www.fec.gov/legal-resources/enforcement/audit-reports/unauthorized-committee-audit-reports/democracy-engine-inc-pac-2018/,"[{'primary_category_id': '3', 'primary_category_name': 'Disclosure', 'sub_category_list': [{'sub_category_id': '264', 'sub_category_name': 'Statement of Organization/Candidacy'}]}, {'primary_category_id': '4', 'primary_category_name': 'Recordkeeping', 'sub_category_list': [{'sub_category_id': '227', 'sub_category_name': 'Disbursements'}, {'sub_category_id': '257', 'sub_category_name': 'Receipts'}]}, {'primary_category_id': '9', 'primary_category_name': 'Other', 'sub_category_list': [{'sub_category_id': '213', 'sub_category_name': 'Commingling with Other Funds'}]}]"
2258,786,,N/A,QUALIFIED NON-PARTY,U,C00176420,DEMOCRATIC FOUNDATION OF ORANGE COUNTY,Q,2018,2021-02-05,https://transition.fec.gov/audits/2018/AuditReport-2018_DemocraticPartyofOrangeCounty.shtml,"[{'primary_category_id': '16', 'primary_category_name': 'No Findings or Issues/Not a Committee', 'sub_category_list': [{'sub_category_id': '0', 'sub_category_name': 'No Findings or Issues'}]}]"
2275,785,,N/A,QUALIFIED PARTY,U,C00024372,DEMOCRATIC PARTY OF ARKANSAS,Y,2018,2022-10-18,https://www.fec.gov/legal-resources/enforcement/audit-reports/unauthorized-committee-audit-reports/democratic-party-of-arkansas-2018/,"[{'primary_category_id': '3', 'primary_category_name': 'Disclosure', 'sub_category_list': [{'sub_category_id': '224', 'sub_category_name': 'Debt and Obligations'}]}, {'primary_category_id': '4', 'primary_category_name': 'Recordkeeping', 'sub_category_list': [{'sub_category_id': '285', 'sub_category_name': 'Federal Election Activity-Services Provided by an Employee'}]}, {'primary_category_id': '5', 'primary_category_name': 'Excessive Contributions', 'sub_category_list': [{'sub_category_id': '220', 'sub_category_name': 'Coordinated Expenditures'}]}, {'primary_category_id': '8', 'primary_category_name': 'Loans', 'sub_category_list': [{'sub_category_id': '3', 'sub_category_name': 'Disclosure'}]}]"
2264,773,H2CA36439,"RUIZ, RAUL DR",HOUSE,P,C00502575,DR. RAUL RUIZ FOR CONGRESS,H,2018,2021-06-09,https://www.fec.gov/legal-resources/enforcement/audit-reports/authorized-committee-audit-reports/dr-raul-ruiz-for-congress-2018/,"[{'primary_category_id': '16', 'primary_category_name': 'No Findings or Issues/Not a Committee', 'sub_category_list': [{'sub_category_id': '0', 'sub_category_name': 'No Findings or Issues'}]}]"
2263,783,,N/A,NON-QUALIFIED NON-PARTY,U,C00608380,GRASSROOTS VICTORY PAC,N,2018,2021-04-28,https://www.fec.gov/legal-resources/enforcement/audit-reports/unauthorized-committee-audit-reports/grassroots-victory-pac-2018/,"[{'primary_category_id': '9', 'primary_category_name': 'Other', 'sub_category_list': [{'sub_category_id': '290', 'sub_category_name': 'Increased Activity'}]}]"
2274,782,,N/A,QUALIFIED PARTY,U,C00011197,KENTUCKY STATE DEMOCRATIC CENTRAL EXECUTIVE COMMITTEE,Y,2018,2022-10-13,https://www.fec.gov/legal-resources/enforcement/audit-reports/unauthorized-committee-audit-reports/kentucky-state-democratic-central-executive-committee-2018/,"[{'primary_category_id': '1', 'primary_category_name': 'Failure to File Reports/Schedules/Notices', 'sub_category_list': [{'sub_category_id': '201', 'sub_category_name': '24/48 Hour Report-Independent Expenditures'}]}, {'primary_category_id': '4', 'primary_category_name': 'Recordkeeping', 'sub_category_list': [{'sub_category_id': '285', 'sub_category_name': 'Federal Election Activity-Services Provided by an Employee'}]}, {'primary_category_id': '5', 'primary_category_name': 'Excessive Contributions', 'sub_category_list': [{'sub_category_id': '220', 'sub_category_name': 'Coordinated Expenditures'}, {'sub_category_id': '245', 'sub_category_name': 'Individuals'}]}, {'primary_category_id': '7', 'primary_category_name': 'Misstatement of Financial Activity', 'sub_category_list': [{'sub_category_id': '211', 'sub_category_name': 'Cash Balances'}, {'sub_category_id': '227', 'sub_category_name': 'Disbursements'}, {'sub_category_id': '257', 'sub_category_name': 'Receipts'}]}]"
2269,771,S8IN00171,"BRAUN, MIKE",SENATE,P,C00653147,MIKE BRAUN FOR INDIANA,S,2018,2022-06-22,https://www.fec.gov/legal-resources/enforcement/audit-reports/authorized-committee-audit-reports/mike-braun-for-indiana-2018/,"[{'primary_category_id': '1', 'primary_category_name': 'Failure to File Reports/Schedules/Notices', 'sub_category_list': [{'sub_category_id': '203', 'sub_category_name': '48 Hour Notices'}]}, {'primary_category_id': '3', 'primary_category_name': 'Disclosure', 'sub_category_list': [{'sub_category_id': '251', 'sub_category_name': 'Occupation/Name of Employer'}, {'sub_category_id': '257', 'sub_category_name': 'Receipts'}]}, {'primary_category_id': '5', 'primary_category_name': 'Excessive Contributions', 'sub_category_list': [{'sub_category_id': '215', 'sub_category_name': 'Contributions from PACs/Political Committees'}, {'sub_category_id': '245', 'sub_category_name': 'Individuals'}]}, {'primary_category_id': '7', 'primary_category_name': 'Misstatement of Financial Activity', 'sub_category_list': [{'sub_category_id': '227', 'sub_category_name': 'Disbursements'}, {'sub_category_id': '257', 'sub_category_name': 'Receipts'}]}, {'primary_category_id': '8', 'primary_category_name': 'Loans', 'sub_category_list': [{'sub_category_id': '210', 'sub_category_name': 'Candidate Loans'}, {'sub_category_id': '3', 'sub_category_name': 'Disclosure'}]}]"
2261,777,,N/A,QUALIFIED NON-PARTY,U,C00043091,NATIONAL TOOLING & MACHINING ASSOCIATION (NTMA) COMMITTEE FOR A STRONG ECONOMY,Q,2018,2021-04-05,https://www.fec.gov/legal-resources/enforcement/audit-reports/unauthorized-committee-audit-reports/national-tooling-and-machining-association-ntma-committee-for-a-strong-economy-2018/,"[{'primary_category_id': '3', 'primary_category_name': 'Disclosure', 'sub_category_list': [{'sub_category_id': '218', 'sub_category_name': 'Contributions Made'}]}, {'primary_category_id': '9', 'primary_category_name': 'Other', 'sub_category_list': [{'sub_category_id': '290', 'sub_category_name': 'Increased Activity'}]}]"
2266,776,,N/A,QUALIFIED PARTY,U,C00001313,REPUBLICAN PARTY OF MINNESOTA - FEDERAL,Y,2018,2022-02-11,https://www.fec.gov/legal-resources/enforcement/audit-reports/unauthorized-committee-audit-reports/republican-party-of-minnesota-federal-2018/,"[{'primary_category_id': '3', 'primary_category_name': 'Disclosure', 'sub_category_list': [{'sub_category_id': '224', 'sub_category_name': 'Debt and Obligations'}, {'sub_category_id': '244', 'sub_category_name': 'Independent Expenditures'}, {'sub_category_id': '267', 'sub_category_name': 'Transfers to/from Affiliated Committees'}]}, {'primary_category_id': '4', 'primary_category_name': 'Recordkeeping', 'sub_category_list': [{'sub_category_id': '285', 'sub_category_name': 'Federal Election Activity-Services Provided by an Employee'}, {'sub_category_id': '289', 'sub_category_name': 'Communications'}]}, {'primary_category_id': '5', 'primary_category_name': 'Excessive Contributions', 'sub_category_list': [{'sub_category_id': '220', 'sub_category_name': 'Coordinated Expenditures'}]}]"
2270,775,,N/A,HYBRID PAC (WITH NON-CONTRIBUTION ACCOUNT) - NONQUALIFIED,U,C00626671,THE UTE PAC,V,2018,2022-07-18,https://www.fec.gov/legal-resources/enforcement/audit-reports/unauthorized-committee-audit-reports/utepac-2018/,"[{'primary_category_id': '3', 'primary_category_name': 'Disclosure', 'sub_category_list': [{'sub_category_id': '227', 'sub_category_name': 'Disbursements'}]}, {'primary_category_id': '4', 'primary_category_name': 'Recordkeeping', 'sub_category_list': [{'sub_category_id': '227', 'sub_category_name': 'Disbursements'}, {'sub_category_id': '289', 'sub_category_name': 'Communications'}]}, {'primary_category_id': '7', 'primary_category_name': 'Misstatement of Financial Activity', 'sub_category_list': [{'sub_category_id': '211', 'sub_category_name': 'Cash Balances'}, {'sub_category_id': '227', 'sub_category_name': 'Disbursements'}, {'sub_category_id': '257', 'sub_category_name': 'Receipts'}]}, {'primary_category_id': '9', 'primary_category_name': 'Other', 'sub_category_list': [{'sub_category_id': '212', 'sub_category_name': 'Cash Disbursements'}, {'sub_category_id': '290', 'sub_category_name': 'Increased Activity'}]}]"
2272,780,,N/A,INDEPENDENT EXPENDITURE-ONLY COMMITTEE,U,C00653386,US VETERANS ASSISTANCE FOUNDATION,O,2018,2022-08-15,https://www.fec.gov/legal-resources/enforcement/audit-reports/unauthorized-committee-audit-reports/us-veterans-assistance-foundation-pac-2018/,"[{'primary_category_id': '1', 'primary_category_name': 'Failure to File Reports/Schedules/Notices', 'sub_category_list': [{'sub_category_id': '201', 'sub_category_name': '24/48 Hour Report-Independent Expenditures'}]}, {'primary_category_id': '3', 'primary_category_name': 'Disclosure', 'sub_category_list': [{'sub_category_id': '227', 'sub_category_name': 'Disbursements'}, {'sub_category_id': '251', 'sub_category_name': 'Occupation/Name of Employer'}]}, {'primary_category_id': '4', 'primary_category_name': 'Recordkeeping', 'sub_category_list': [{'sub_category_id': '227', 'sub_category_name': 'Disbursements'}]}, {'primary_category_id': '7', 'primary_category_name': 'Misstatement of Financial Activity', 'sub_category_list': [{'sub_category_id': '211', 'sub_category_name': 'Cash Balances'}, {'sub_category_id': '227', 'sub_category_name': 'Disbursements'}, {'sub_category_id': '287', 'sub_category_name': 'Use of Campaign Depository'}]}, {'primary_category_id': '9', 'primary_category_name': 'Other', 'sub_category_list': [{'sub_category_id': '234', 'sub_category_name': 'Expenses Paid by Others'}, {'sub_category_id': '290', 'sub_category_name': 'Increased Activity'}]}]"
2265,774,,N/A,HOUSE,P,C00661868,VAN DREW FOR CONGRESS,H,2018,2021-03-30,https://www.fec.gov/legal-resources/enforcement/audit-reports/authorized-committee-audit-reports/van-drew-for-congress-2018/,"[{'primary_category_id': '5', 'primary_category_name': 'Excessive Contributions', 'sub_category_list': [{'sub_category_id': '245', 'sub_category_name': 'Individuals'}]}, {'primary_category_id': '6', 'primary_category_name': 'Prohibited Contributions', 'sub_category_list': [{'sub_category_id': '222', 'sub_category_name': 'Corporations'}]}]"
2255,763,,N/A,QUALIFIED NON-PARTY,B,C00424788,AMBULATORY SURGERY CENTER ASSOCIATION PAC (ASCAPAC),Q,2016,2019-09-05,https://transition.fec.gov/audits/2016/AuditReport_2016_ASCAPAC.shtml,"[{'primary_category_id': '3', 'primary_category_name': 'Disclosure', 'sub_category_list': [{'sub_category_id': '257', 'sub_category_name': 'Receipts'}]}, {'primary_category_id': '4', 'primary_category_name': 'Recordkeeping', 'sub_category_list': [{'sub_category_id': '257', 'sub_category_name': 'Receipts'}]}, {'primary_category_id': '6', 'primary_category_name': 'Prohibited Contributions', 'sub_category_list': [{'sub_category_id': '222', 'sub_category_name': 'Corporations'}]}, {'primary_category_id': '7', 'primary_category_name': 'Misstatement of Financial Activity', 'sub_category_list': [{'sub_category_id': '257', 'sub_category_name': 'Receipts'}]}, {'primary_category_id': '9', 'primary_category_name': 'Other', 'sub_category_list': [{'sub_category_id': '271', 'sub_category_name': 'Untimely Deposit of Receipts'}]}]"
2246,757,H4NY27076,"HIGGINS, BRIAN",HOUSE,P,C00401034,BRIAN HIGGINS FOR CONGRESS,H,2016,2018-09-06,https://transition.fec.gov/audits/2016/AuditReport_2016_BrianHigginsforCongress.shtml,"[{'primary_category_id': '5', 'primary_category_name': 'Excessive Contributions', 'sub_category_list': [{'sub_category_id': '245', 'sub_category_name': 'Individuals'}]}, {'primary_category_id': '7', 'primary_category_name': 'Misstatement of Financial Activity', 'sub_category_list': [{'sub_category_id': '211', 'sub_category_name': 'Cash Balances'}]}]"
2247,760,H8MN03077,"PAULSEN, ERIK",HOUSE,P,C00439661,FRIENDS OF ERIK PAULSEN,H,2016,2019-02-15,https://transition.fec.gov/audits/2016/AuditReport_2016_FriendsofErikPaulsen.shtml,"[{'primary_category_id': '5', 'primary_category_name': 'Excessive Contributions', 'sub_category_list': [{'sub_category_id': '245', 'sub_category_name': 'Individuals'}]}]"
2252,761,H2CA35100,"HALL, ISADORE III",HOUSE,P,C00497859,HALL FOR CONGRESS,H,2016,2019-04-30,https://transition.fec.gov/audits/2016/AuditReport_HallForCongress_2016.shtml,"[{'primary_category_id': '5', 'primary_category_name': 'Excessive Contributions', 'sub_category_list': [{'sub_category_id': '245', 'sub_category_name': 'Individuals'}]}, {'primary_category_id': '9', 'primary_category_name': 'Other', 'sub_category_list': [{'sub_category_id': '288', 'sub_category_name': 'General Election Contributions used for Primary Expenses'}]}]"
2251,10212,P20003984,"STEIN, JILL",PRESIDENTIAL,P,C00581199,JILL STEIN FOR PRESIDENT,P,2016,2019-04-22,https://transition.fec.gov/audits/2016/AuditReport_JillSteinForPresident.shtml,"[{'primary_category_id': '13', 'primary_category_name': 'Repayment to US Treasury', 'sub_category_list': [{'sub_category_id': '207', 'sub_category_name': 'Amount Received in Excess of Entitlement'}, {'sub_category_id': '265', 'sub_category_name': 'Surplus'}]}, {'primary_category_id': '3', 'primary_category_name': 'Disclosure', 'sub_category_list': [{'sub_category_id': '224', 'sub_category_name': 'Debt and Obligations'}]}, {'primary_category_id': '7', 'primary_category_name': 'Misstatement of Financial Activity', 'sub_category_list': [{'sub_category_id': '211', 'sub_category_name': 'Cash Balances'}, {'sub_category_id': '227', 'sub_category_name': 'Disbursements'}, {'sub_category_id': '257', 'sub_category_name': 'Receipts'}]}]"
2245,759,H6MS01131,"KELLY, JOHN TRENT",HOUSE,P,C00573980,KELLY FOR CONGRESS,H,2016,2018-07-12,https://transition.fec.gov/audits/2016/AuditReport_2016_KellyforCongress.shtml,"[{'primary_category_id': '5', 'primary_category_name': 'Excessive Contributions', 'sub_category_list': [{'sub_category_id': '245', 'sub_category_name': 'Individuals'}]}, {'primary_category_id': '8', 'primary_category_name': 'Loans', 'sub_category_list': [{'sub_category_id': '210', 'sub_category_name': 'Candidate Loans'}]}]"
2248,756,H2TN06030,"BLACKBURN, MARSHA MRS.",HOUSE,P,C00376939,"MARSHA BLACKBURN FOR CONGRESS, INC.",H,2016,2019-02-15,https://transition.fec.gov/audits/2016/AuditReport_2016_MarshaBlackburnforCongress.shtml,"[{'primary_category_id': '3', 'primary_category_name': 'Disclosure', 'sub_category_list': [{'sub_category_id': '251', 'sub_category_name': 'Occupation/Name of Employer'}]}, {'primary_category_id': '5', 'primary_category_name': 'Excessive Contributions', 'sub_category_list': [{'sub_category_id': '245', 'sub_category_name': 'Individuals'}]}, {'primary_category_id': '7', 'primary_category_name': 'Misstatement of Financial Activity', 'sub_category_list': [{'sub_category_id': '227', 'sub_category_name': 'Disbursements'}, {'sub_category_id': '257', 'sub_category_name': 'Receipts'}]}]"
2244,758,H4MI08135,"BISHOP, MIKE",HOUSE,P,C00561001,MIKE BISHOP FOR CONGRESS,H,2016,2018-06-25,https://transition.fec.gov/audits/AuditReport_2016_MikeBishopforCongress.shtml,"[{'primary_category_id': '3', 'primary_category_name': 'Disclosure', 'sub_category_list': [{'sub_category_id': '224', 'sub_category_name': 'Debt and Obligations'}]}]"
2262,768,,N/A,QUALIFIED PARTY,U,C00084368,MISSISSIPPI REPUBLICAN PARTY,Y,2016,2021-04-16,https://www.fec.gov/legal-resources/enforcement/audit-reports/unauthorized-committee-audit-reports/mississippi-republican-party-2016/,"[{'primary_category_id': '1', 'primary_category_name': 'Failure to File Reports/Schedules/Notices', 'sub_category_list': [{'sub_category_id': '201', 'sub_category_name': '24/48 Hour Report-Independent Expenditures'}]}, {'primary_category_id': '3', 'primary_category_name': 'Disclosure', 'sub_category_list': [{'sub_category_id': '224', 'sub_category_name': 'Debt and Obligations'}, {'sub_category_id': '244', 'sub_category_name': 'Independent Expenditures'}]}, {'primary_category_id': '7', 'primary_category_name': 'Misstatement of Financial Activity', 'sub_category_list': [{'sub_category_id': '227', 'sub_category_name': 'Disbursements'}, {'sub_category_id': '257', 'sub_category_name': 'Receipts'}]}]"
2253,767,,N/A,QUALIFIED PARTY,U,C00164418,NEW JERSEY REPUBLICAN STATE COMMITTEE,Y,2016,2019-05-17,https://transition.fec.gov/audits/2016/AuditReport_NewJerseyRepublicanStateCmte_2016000.shtml,"[{'primary_category_id': '3', 'primary_category_name': 'Disclosure', 'sub_category_list': [{'sub_category_id': '224', 'sub_category_name': 'Debt and Obligations'}]}, {'primary_category_id': '7', 'primary_category_name': 'Misstatement of Financial Activity', 'sub_category_list': [{'sub_category_id': '227', 'sub_category_name': 'Disbursements'}, {'sub_category_id': '257', 'sub_category_name': 'Receipts'}]}]"
2254,762,,N/A,QUALIFIED PARTY,U,C00190934,OKLAHOMA DEMOCRATIC PARTY,Y,2016,2019-07-23,https://transition.fec.gov/audits/2016/AuditReport_2016_OklahomaDemocraticParty.shtml,"[{'primary_category_id': '3', 'primary_category_name': 'Disclosure', 'sub_category_list': [{'sub_category_id': '224', 'sub_category_name': 'Debt and Obligations'}]}, {'primary_category_id': '4', 'primary_category_name': 'Recordkeeping', 'sub_category_list': [{'sub_category_id': '285', 'sub_category_name': 'Federal Election Activity-Services Provided by an Employee'}]}, {'primary_category_id': '7', 'primary_category_name': 'Misstatement of Financial Activity', 'sub_category_list': [{'sub_category_id': '227', 'sub_category_name': 'Disbursements'}, {'sub_category_id': '249', 'sub_category_name': 'Levin Fund'}, {'sub_category_id': '257', 'sub_category_name': 'Receipts'}]}, {'primary_category_id': '9', 'primary_category_name': 'Other', 'sub_category_list': [{'sub_category_id': '290', 'sub_category_name': 'Increased Activity'}]}]"
2250,10211,P60007671,"O'MALLEY, MARTIN JOSEPH",PRESIDENTIAL,P,C00578658,O'MALLEY FOR PRESIDENT,P,2016,2018-08-07,https://transition.fec.gov/audits/2016/AuditReport_2016_OMalleyForPresident.shtml,"[{'primary_category_id': '13', 'primary_category_name': 'Repayment to US Treasury', 'sub_category_list': [{'sub_category_id': '274', 'sub_category_name': 'Non-Qualified Expenses'}]}, {'primary_category_id': '14', 'primary_category_name': 'Net Outstanding Campaign/Convention Expenditures/Obligations', 'sub_category_list': [{'sub_category_id': '0', 'sub_category_name': 'No Findings or Issues'}]}, {'primary_category_id': '15', 'primary_category_name': 'Payments/Disgorgements', 'sub_category_list': [{'sub_category_id': '263', 'sub_category_name': 'Stale-dated checks'}]}, {'primary_category_id': '3', 'primary_category_name': 'Disclosure', 'sub_category_list': [{'sub_category_id': '224', 'sub_category_name': 'Debt and Obligations'}, {'sub_category_id': '257', 'sub_category_name': 'Receipts'}]}]"
2256,764,,N/A,QUALIFIED PARTY,U,C00160937,SOUTH DAKOTA DEMOCRATIC PARTY,Y,2016,2019-09-12,https://transition.fec.gov/audits/2016/AuditReport_2016_SouthDakotaDemocraticParty.shtml,"[{'primary_category_id': '3', 'primary_category_name': 'Disclosure', 'sub_category_list': [{'sub_category_id': '224', 'sub_category_name': 'Debt and Obligations'}]}, {'primary_category_id': '6', 'primary_category_name': 'Prohibited Contributions', 'sub_category_list': [{'sub_category_id': '269', 'sub_category_name': 'Unregistered Organizations/Non-federal Accounts'}]}, {'primary_category_id': '9', 'primary_category_name': 'Other', 'sub_category_list': [{'sub_category_id': '290', 'sub_category_name': 'Increased Activity'}]}]"
2257,769,,N/A,QUALIFIED PARTY,U,C00167346,TENNESSEE DEMOCRATIC PARTY,Y,2016,2019-09-16,https://transition.fec.gov/audits/2016/AuditReport_2016_TennesseeDemocraticParty.shtml,"[{'primary_category_id': '3', 'primary_category_name': 'Disclosure', 'sub_category_list': [{'sub_category_id': '224', 'sub_category_name': 'Debt and Obligations'}, {'sub_category_id': '257', 'sub_category_name': 'Receipts'}]}, {'primary_category_id': '4', 'primary_category_name': 'Recordkeeping', 'sub_category_list': [{'sub_category_id': '285', 'sub_category_name': 'Federal Election Activity-Services Provided by an Employee'}]}, {'primary_category_id': '5', 'primary_category_name': 'Excessive Contributions', 'sub_category_list': [{'sub_category_id': '245', 'sub_category_name': 'Individuals'}]}, {'primary_category_id': '7', 'primary_category_name': 'Misstatement of Financial Activity', 'sub_category_list': [{'sub_category_id': '227', 'sub_category_name': 'Disbursements'}, {'sub_category_id': '257', 'sub_category_name': 'Receipts'}]}, {'primary_category_id': '9', 'primary_category_name': 'Other', 'sub_category_list': [{'sub_category_id': '266', 'sub_category_name': 'Impermissible Transfer of funds'}, {'sub_category_id': '290', 'sub_category_name': 'Increased Activity'}]}]"
2249,755,H2CA28113,"CARDENAS, TONY",HOUSE,P,C00498873,TONY CARDENAS FOR CONGRESS,H,2016,2019-03-20,https://transition.fec.gov/audits/2016/AuditReport_TonyCardenasForCongress_2016.shtml,"[{'primary_category_id': '5', 'primary_category_name': 'Excessive Contributions', 'sub_category_list': [{'sub_category_id': '245', 'sub_category_name': 'Individuals'}]}, {'primary_category_id': '7', 'primary_category_name': 'Misstatement of Financial Activity', 'sub_category_list': [{'sub_category_id': '211', 'sub_category_name': 'Cash Balances'}]}]"
2242,766,,N/A,QUALIFIED NON-PARTY,B,C00279455,ZENECA INC. POLITICAL ACTION COMMITTEE,Q,2016,2018-04-30,https://transition.fec.gov/audits/2014/AuditReport_2016_Zeneca.shtml,"[{'primary_category_id': '16', 'primary_category_name': 'No Findings or Issues/Not a Committee', 'sub_category_list': [{'sub_category_id': '0', 'sub_category_name': 'No Findings or Issues'}]}]"
2236,754,,N/A,QUALIFIED NON-PARTY,U,C00038604,AMERICAN FINANCIAL SERVICES ASSOCIATION PAC,Q,2014,2017-08-15,https://transition.fec.gov/audits/2014/AuditReport_2014_AmericanFinancialServicesAssociation.shtml,"[{'primary_category_id': '5', 'primary_category_name': 'Excessive Contributions', 'sub_category_list': [{'sub_category_id': '278', 'sub_category_name': 'Contributions to Candidates'}]}, {'primary_category_id': '7', 'primary_category_name': 'Misstatement of Financial Activity', 'sub_category_list': [{'sub_category_id': '211', 'sub_category_name': 'Cash Balances'}, {'sub_category_id': '227', 'sub_category_name': 'Disbursements'}, {'sub_category_id': '257', 'sub_category_name': 'Receipts'}]}, {'primary_category_id': '9', 'primary_category_name': 'Other', 'sub_category_list': [{'sub_category_id': '290', 'sub_category_name': 'Increased Activity'}]}]"
2224,747,H2MI14111,"LAWRENCE, BRENDA LULENAR",HOUSE,P,C00552588,BRENDA LAWRENCE FOR CONGRESS,H,2014,2016-09-20,http://transition.fec.gov/audits/2012/AuditReport_2014_BrendaLawrenceForCongress.shtml,"[{'primary_category_id': '7', 'primary_category_name': 'Misstatement of Financial Activity', 'sub_category_list': [{'sub_category_id': '211', 'sub_category_name': 'Cash Balances'}, {'sub_category_id': '227', 'sub_category_name': 'Disbursements'}]}]"
2231,746,H6WI03099,"KIND, RONALD JAMES",HOUSE,P,C00312017,KIND FOR CONGRESS COMMITTEE,H,2014,2017-03-30,https://transition.fec.gov/audits/2014/AuditReport_2014_KindforCongressCommittee.shtml,"[{'primary_category_id': '9', 'primary_category_name': 'Other', 'sub_category_list': [{'sub_category_id': '271', 'sub_category_name': 'Untimely Deposit of Receipts'}]}]"
2243,748,H2AZ08102,"MCSALLY, MARTHA E MS.",HOUSE,P,C00512236,MCSALLY FOR CONGRESS,H,2014,2018-05-15,https://transition.fec.gov/audits/2014/AuditReport_2014_McSallyForCongress.shtml,"[{'primary_category_id': '1', 'primary_category_name': 'Failure to File Reports/Schedules/Notices', 'sub_category_list': [{'sub_category_id': '203', 'sub_category_name': '48 Hour Notices'}]}, {'primary_category_id': '3', 'primary_category_name': 'Disclosure', 'sub_category_list': [{'sub_category_id': '237', 'sub_category_name': 'Failure to Itemize Receipts'}, {'sub_category_id': '251', 'sub_category_name': 'Occupation/Name of Employer'}]}, {'primary_category_id': '5', 'primary_category_name': 'Excessive Contributions', 'sub_category_list': [{'sub_category_id': '245', 'sub_category_name': 'Individuals'}]}, {'primary_category_id': '7', 'primary_category_name': 'Misstatement of Financial Activity', 'sub_category_list': [{'sub_category_id': '211', 'sub_category_name': 'Cash Balances'}, {'sub_category_id': '227', 'sub_category_name': 'Disbursements'}, {'sub_category_id': '257', 'sub_category_name': 'Receipts'}]}]"
2225,744,H4CA33119,"LIEU, TED",HOUSE,P,C00556506,TED LIEU FOR CONGRESS,H,2014,2016-09-21,http://transition.fec.gov/audits/2014/AuditReport_2014_TedLieuforCongress.shtml,"[{'primary_category_id': '7', 'primary_category_name': 'Misstatement of Financial Activity', 'sub_category_list': [{'sub_category_id': '227', 'sub_category_name': 'Disbursements'}, {'sub_category_id': '257', 'sub_category_name': 'Receipts'}]}]"
2209,10208,,N/A,NON-QUALIFIED PARTY,U,C00500405,2012 DEMOCRATIC NATIONAL CONVENTION COMMITTEE INC,X,2012,2015-04-09,http://transition.fec.gov/audits/2012/AuditReport_2012_DemocraticNationalConvention.shtml,"[{'primary_category_id': '14', 'primary_category_name': 'Net Outstanding Campaign/Convention Expenditures/Obligations', 'sub_category_list': [{'sub_category_id': '0', 'sub_category_name': 'No Findings or Issues'}]}]"
2201,10205,,N/A,NON-QUALIFIED PARTY,U,C00483586,2012 TAMPA BAY HOST COMMITTEE INC,X,2012,2014-08-13,http://transition.fec.gov/audits/2012/AuditReport_2012_TampaBayHostComte.shtml,"[{'primary_category_id': '16', 'primary_category_name': 'No Findings or Issues/Not a Committee', 'sub_category_list': [{'sub_category_id': '0', 'sub_category_name': 'No Findings or Issues'}]}]"
2211,727,H2NV02395,"AMODEI, MARK EUGENE",HOUSE,P,C00496760,AMODEI FOR NEVADA,H,2012,2015-04-27,http://transition.fec.gov/audits/2012/AuditReport_2012_AmodeiForNevada.shtml,"[{'primary_category_id': '7', 'primary_category_name': 'Misstatement of Financial Activity', 'sub_category_list': [{'sub_category_id': '211', 'sub_category_name': 'Cash Balances'}]}]"
2200,10202,P20002523,"ROEMER, CHARLES E. ''BUDDY'' III",PRESIDENTIAL,P,C00493692,"BUDDY ROEMER FOR PRESIDENT, INC.",P,2012,2014-08-04,http://transition.fec.gov/audits/2012/AuditReport_2012_BuddyRoemerforPresident.shtml,"[{'primary_category_id': '14', 'primary_category_name': 'Net Outstanding Campaign/Convention Expenditures/Obligations', 'sub_category_list': [{'sub_category_id': '0', 'sub_category_name': 'No Findings or Issues'}]}, {'primary_category_id': '3', 'primary_category_name': 'Disclosure', 'sub_category_list': [{'sub_category_id': '224', 'sub_category_name': 'Debt and Obligations'}]}]"
2191,721,,N/A,QUALIFIED NON-PARTY,U,C00239947,CAESARS ENTERTAINMENT POLITICAL ACTION COMMITTEE,Q,2012,2014-01-22,http://transition.fec.gov/audits/2012/AuditReport_2012_CaesarsEntertainmentPAC.shtml,"[{'primary_category_id': '7', 'primary_category_name': 'Misstatement of Financial Activity', 'sub_category_list': [{'sub_category_id': '227', 'sub_category_name': 'Disbursements'}, {'sub_category_id': '257', 'sub_category_name': 'Receipts'}]}, {'primary_category_id': '9', 'primary_category_name': 'Other', 'sub_category_list': [{'sub_category_id': '290', 'sub_category_name': 'Increased Activity'}]}]"
2234,735,,N/A,QUALIFIED PARTY,U,C00033134,COLORADO REPUBLICAN COMMITTEE,Y,2012,2017-07-31,https://transition.fec.gov/audits/2012/AuditReport_2012_ColoradoRepublicanComte.shtml,"[{'primary_category_id': '1', 'primary_category_name': 'Failure to File Reports/Schedules/Notices', 'sub_category_list': [{'sub_category_id': '201', 'sub_category_name': '24/48 Hour Report-Independent Expenditures'}]}, {'primary_category_id': '3', 'primary_category_name': 'Disclosure', 'sub_category_list': [{'sub_category_id': '224', 'sub_category_name': 'Debt and Obligations'}, {'sub_category_id': '244', 'sub_category_name': 'Independent Expenditures'}]}, {'primary_category_id': '4', 'primary_category_name': 'Recordkeeping', 'sub_category_list': [{'sub_category_id': '289', 'sub_category_name': 'Communications'}]}, {'primary_category_id': '7', 'primary_category_name': 'Misstatement of Financial Activity', 'sub_category_list': [{'sub_category_id': '227', 'sub_category_name': 'Disbursements'}, {'sub_category_id': '257', 'sub_category_name': 'Receipts'}]}, {'primary_category_id': '9', 'primary_category_name': 'Other', 'sub_category_list': [{'sub_category_id': '290', 'sub_category_name': 'Increased Activity'}]}]"
2219,10204,,N/A,NON-QUALIFIED PARTY,U,C00493254,COMMITTEE FOR CHARLOTTE/CHARLOTTE DNC HOST COMMITTEE,X,2012,2015-12-04,http://transition.fec.gov/audits/2012/AuditReport_2012_CharlotteDNCHostCommittee.shtml,"[{'primary_category_id': '3', 'primary_category_name': 'Disclosure', 'sub_category_list': [{'sub_category_id': '227', 'sub_category_name': 'Disbursements'}]}, {'primary_category_id': '4', 'primary_category_name': 'Recordkeeping', 'sub_category_list': [{'sub_category_id': '257', 'sub_category_name': 'Receipts'}]}]"
2202,10206,,N/A,NON-QUALIFIED PARTY,U,C00485110,COMMITTEE ON ARRANGEMENTS FOR THE 2012 REPUBLICAN NATIONAL CONVENTION,X,2012,2014-08-25,http://transition.fec.gov/audits/2012/AuditReport_2012_COA2012RNCConvention.shtml,"[{'primary_category_id': '13', 'primary_category_name': 'Repayment to US Treasury', 'sub_category_list': [{'sub_category_id': '265', 'sub_category_name': 'Surplus'}]}, {'primary_category_id': '14', 'primary_category_name': 'Net Outstanding Campaign/Convention Expenditures/Obligations', 'sub_category_list': [{'sub_category_id': '0', 'sub_category_name': 'No Findings or Issues'}]}, {'primary_category_id': '3', 'primary_category_name': 'Disclosure', 'sub_category_list': [{'sub_category_id': '224', 'sub_category_name': 'Debt and Obligations'}]}]"
2230,742,,N/A,NON-QUALIFIED NON-PARTY,U,C00495010,CONSERVATIVE CAMPAIGN COMMITTEE,N,2012,2017-02-23,http://transition.fec.gov/audits/2012/AuditReport_2012_ConservativeCampaignCommittee.shtml,"[{'primary_category_id': '3', 'primary_category_name': 'Disclosure', 'sub_category_list': [{'sub_category_id': '244', 'sub_category_name': 'Independent Expenditures'}]}, {'primary_category_id': '4', 'primary_category_name': 'Recordkeeping', 'sub_category_list': [{'sub_category_id': '289', 'sub_category_name': 'Communications'}]}]"
2239,738,,N/A,NON-QUALIFIED NON-PARTY,U,C00524454,CONSERVATIVE MAJORITY FUND,N,2012,2017-12-14,https://transition.fec.gov/audits/2012/AuditReport_2012_ConservativeMajorityFund.shtml,"[{'primary_category_id': '1', 'primary_category_name': 'Failure to File Reports/Schedules/Notices', 'sub_category_list': [{'sub_category_id': '201', 'sub_category_name': '24/48 Hour Report-Independent Expenditures'}]}, {'primary_category_id': '3', 'primary_category_name': 'Disclosure', 'sub_category_list': [{'sub_category_id': '224', 'sub_category_name': 'Debt and Obligations'}, {'sub_category_id': '244', 'sub_category_name': 'Independent Expenditures'}, {'sub_category_id': '251', 'sub_category_name': 'Occupation/Name of Employer'}]}, {'primary_category_id': '4', 'primary_category_name': 'Recordkeeping', 'sub_category_list': [{'sub_category_id': '289', 'sub_category_name': 'Communications'}]}, {'primary_category_id': '7', 'primary_category_name': 'Misstatement of Financial Activity', 'sub_category_list': [{'sub_category_id': '227', 'sub_category_name': 'Disbursements'}]}]"
2241,734,,N/A,QUALIFIED PARTY,U,C00212787,DEMOCRATIC  PARTY OF HAWAII,Y,2012,2018-02-20,https://transition.fec.gov/audits/2012/AuditReport_2012_DemocraticPartyofHawaii.shtml,"[{'primary_category_id': '1', 'primary_category_name': 'Failure to File Reports/Schedules/Notices', 'sub_category_list': [{'sub_category_id': '201', 'sub_category_name': '24/48 Hour Report-Independent Expenditures'}]}, {'primary_category_id': '2', 'primary_category_name': 'Allocation Issues', 'sub_category_list': [{'sub_category_id': '260', 'sub_category_name': 'Shared Federal/Non-Federal Expenses'}]}, {'primary_category_id': '3', 'primary_category_name': 'Disclosure', 'sub_category_list': [{'sub_category_id': '224', 'sub_category_name': 'Debt and Obligations'}, {'sub_category_id': '244', 'sub_category_name': 'Independent Expenditures'}]}, {'primary_category_id': '4', 'primary_category_name': 'Recordkeeping', 'sub_category_list': [{'sub_category_id': '285', 'sub_category_name': 'Federal Election Activity-Services Provided by an Employee'}]}, {'primary_category_id': '5', 'primary_category_name': 'Excessive Contributions', 'sub_category_list': [{'sub_category_id': '215', 'sub_category_name': 'Contributions from PACs/Political Committees'}]}, {'primary_category_id': '6', 'primary_category_name': 'Prohibited Contributions', 'sub_category_list': [{'sub_category_id': '222', 'sub_category_name': 'Corporations'}, {'sub_category_id': '268', 'sub_category_name': 'Unions'}, {'sub_category_id': '269', 'sub_category_name': 'Unregistered Organizations/Non-federal Accounts'}]}, {'primary_category_id': '7', 'primary_category_name': 'Misstatement of Financial Activity', 'sub_category_list': [{'sub_category_id': '211', 'sub_category_name': 'Cash Balances'}, {'sub_category_id': '227', 'sub_category_name': 'Disbursements'}, {'sub_category_id': '257', 'sub_category_name': 'Receipts'}]}, {'primary_category_id': '9', 'primary_category_name': 'Other', 'sub_category_list': [{'sub_category_id': '290', 'sub_category_name': 'Increased Activity'}]}]"
2221,719,,N/A,QUALIFIED PARTY,U,C00190934,DEMOCRATIC PARTY OF OKLAHOMA,Y,2012,2016-04-05,http://transition.fec.gov/audits/2012/AuditReport_2012_OklahomaDemocraticParty.shtml,"[{'primary_category_id': '3', 'primary_category_name': 'Disclosure', 'sub_category_list': [{'sub_category_id': '224', 'sub_category_name': 'Debt and Obligations'}]}, {'primary_category_id': '4', 'primary_category_name': 'Recordkeeping', 'sub_category_list': [{'sub_category_id': '285', 'sub_category_name': 'Federal Election Activity-Services Provided by an Employee'}]}, {'primary_category_id': '7', 'primary_category_name': 'Misstatement of Financial Activity', 'sub_category_list': [{'sub_category_id': '211', 'sub_category_name': 'Cash Balances'}, {'sub_category_id': '227', 'sub_category_name': 'Disbursements'}, {'sub_category_id': '249', 'sub_category_name': 'Levin Fund'}, {'sub_category_id': '257', 'sub_category_name': 'Receipts'}]}]"
2208,722,,N/A,QUALIFIED PARTY,U,C00019331,DEMOCRATIC PARTY OF WISCONSIN,Y,2012,2015-04-06,http://transition.fec.gov/audits/2012/AuditReport_2012_DemocraticPartyofWisconsin.shtml,"[{'primary_category_id': '4', 'primary_category_name': 'Recordkeeping', 'sub_category_list': [{'sub_category_id': '285', 'sub_category_name': 'Federal Election Activity-Services Provided by an Employee'}]}, {'primary_category_id': '7', 'primary_category_name': 'Misstatement of Financial Activity', 'sub_category_list': [{'sub_category_id': '227', 'sub_category_name': 'Disbursements'}, {'sub_category_id': '257', 'sub_category_name': 'Receipts'}]}]"
2238,739,,N/A,QUALIFIED NON-PARTY,U,C00401786,FREEDOM'S DEFENSE FUND,Q,2012,2017-12-14,https://transition.fec.gov/audits/2012/AuditReport_2012_FreedomsDefenseFund.shtml,"[{'primary_category_id': '1', 'primary_category_name': 'Failure to File Reports/Schedules/Notices', 'sub_category_list': [{'sub_category_id': '201', 'sub_category_name': '24/48 Hour Report-Independent Expenditures'}]}, {'primary_category_id': '3', 'primary_category_name': 'Disclosure', 'sub_category_list': [{'sub_category_id': '244', 'sub_category_name': 'Independent Expenditures'}, {'sub_category_id': '251', 'sub_category_name': 'Occupation/Name of Employer'}]}, {'primary_category_id': '4', 'primary_category_name': 'Recordkeeping', 'sub_category_list': [{'sub_category_id': '289', 'sub_category_name': 'Communications'}]}, {'primary_category_id': '7', 'primary_category_name': 'Misstatement of Financial Activity', 'sub_category_list': [{'sub_category_id': '211', 'sub_category_name': 'Cash Balances'}, {'sub_category_id': '227', 'sub_category_name': 'Disbursements'}]}]"
2226,740,,N/A,INDEPENDENT EXPENDITURE-ONLY COMMITTEE,U,C00499020,FREEDOMWORKS FOR AMERICA,O,2012,2016-10-11,http://transition.fec.gov/audits/2012/AuditReport_2012_FreedomworksforAmerica.shtml,"[{'primary_category_id': '16', 'primary_category_name': 'No Findings or Issues/Not a Committee', 'sub_category_list': [{'sub_category_id': '0', 'sub_category_name': 'No Findings or Issues'}]}]"
2217,10203,P20002671,"JOHNSON, GARY EARL",PRESIDENTIAL,P,C00495622,GARY JOHNSON 2012 INC,P,2012,2015-07-13,http://transition.fec.gov/audits/2012/AuditReport_2012_GaryJohnson2012Inc.shtml,"[{'primary_category_id': '13', 'primary_category_name': 'Repayment to US Treasury', 'sub_category_list': [{'sub_category_id': '274', 'sub_category_name': 'Non-Qualified Expenses'}]}, {'primary_category_id': '14', 'primary_category_name': 'Net Outstanding Campaign/Convention Expenditures/Obligations', 'sub_category_list': [{'sub_category_id': '0', 'sub_category_name': 'No Findings or Issues'}]}, {'primary_category_id': '3', 'primary_category_name': 'Disclosure', 'sub_category_list': [{'sub_category_id': '224', 'sub_category_name': 'Debt and Obligations'}]}, {'primary_category_id': '6', 'primary_category_name': 'Prohibited Contributions', 'sub_category_list': [{'sub_category_id': '221', 'sub_category_name': 'Corporate Advances 116.3'}]}, {'primary_category_id': '9', 'primary_category_name': 'Other', 'sub_category_list': [{'sub_category_id': '288', 'sub_category_name': 'General Election Contributions used for Primary Expenses'}]}]"
2237,730,,N/A,QUALIFIED PARTY,U,C00005926,ILLINOIS REPUBLICAN PARTY,Y,2012,2017-10-24,https://transition.fec.gov/audits/2012/AuditReport_2012_IllinoisRepublicanParty.shtml,"[{'primary_category_id': '3', 'primary_category_name': 'Disclosure', 'sub_category_list': [{'sub_category_id': '224', 'sub_category_name': 'Debt and Obligations'}]}, {'primary_category_id': '4', 'primary_category_name': 'Recordkeeping', 'sub_category_list': [{'sub_category_id': '285', 'sub_category_name': 'Federal Election Activity-Services Provided by an Employee'}, {'sub_category_id': '289', 'sub_category_name': 'Communications'}]}, {'primary_category_id': '7', 'primary_category_name': 'Misstatement of Financial Activity', 'sub_category_list': [{'sub_category_id': '211', 'sub_category_name': 'Cash Balances'}, {'sub_category_id': '227', 'sub_category_name': 'Disbursements'}, {'sub_category_id': '257', 'sub_category_name': 'Receipts'}]}]"
2218,10207,P20003984,"STEIN, JILL",PRESIDENTIAL,P,C00505800,JILL STEIN FOR PRESIDENT,P,2012,2015-12-02,http://transition.fec.gov/audits/2012/AuditReport_2012_JillSteinforPresident.shtml,"[{'primary_category_id': '14', 'primary_category_name': 'Net Outstanding Campaign/Convention Expenditures/Obligations', 'sub_category_list': [{'sub_category_id': '0', 'sub_category_name': 'No Findings or Issues'}]}, {'primary_category_id': '3', 'primary_category_name': 'Disclosure', 'sub_category_list': [{'sub_category_id': '224', 'sub_category_name': 'Debt and Obligations'}, {'sub_category_id': '227', 'sub_category_name': 'Disbursements'}, {'sub_category_id': '236', 'sub_category_name': 'Failure to Itemize  Expenditures'}, {'sub_category_id': '237', 'sub_category_name': 'Failure to Itemize Receipts'}, {'sub_category_id': '257', 'sub_category_name': 'Receipts'}]}, {'primary_category_id': '7', 'primary_category_name': 'Misstatement of Financial Activity', 'sub_category_list': [{'sub_category_id': '211', 'sub_category_name': 'Cash Balances'}, {'sub_category_id': '227', 'sub_category_name': 'Disbursements'}, {'sub_category_id': '257', 'sub_category_name': 'Receipts'}]}, {'primary_category_id': '8', 'primary_category_name': 'Loans', 'sub_category_list': [{'sub_category_id': '210', 'sub_category_name': 'Candidate Loans'}]}]"
2207,728,H0IL08090,"WALSH, JOE",HOUSE,P,C00473579,"JOE WALSH FOR CONGRESS COMMITTEE, INC.",H,2012,2015-02-24,http://transition.fec.gov/audits/2012/AuditReport_2012_JoeWalshforCongress.shtml,"[{'primary_category_id': '3', 'primary_category_name': 'Disclosure', 'sub_category_list': [{'sub_category_id': '251', 'sub_category_name': 'Occupation/Name of Employer'}]}, {'primary_category_id': '5', 'primary_category_name': 'Excessive Contributions', 'sub_category_list': [{'sub_category_id': '245', 'sub_category_name': 'Individuals'}]}]"
2232,732,,N/A,QUALIFIED PARTY,U,C00019380,KANSAS DEMOCRATIC PARTY,Y,2012,2017-04-03,http://transition.fec.gov/audits/2012/AuditReport_2012_KansasDemocraticParty.shtml,"[{'primary_category_id': '3', 'primary_category_name': 'Disclosure', 'sub_category_list': [{'sub_category_id': '224', 'sub_category_name': 'Debt and Obligations'}, {'sub_category_id': '249', 'sub_category_name': 'Levin Fund'}]}, {'primary_category_id': '4', 'primary_category_name': 'Recordkeeping', 'sub_category_list': [{'sub_category_id': '285', 'sub_category_name': 'Federal Election Activity-Services Provided by an Employee'}]}, {'primary_category_id': '7', 'primary_category_name': 'Misstatement of Financial Activity', 'sub_category_list': [{'sub_category_id': '211', 'sub_category_name': 'Cash Balances'}, {'sub_category_id': '227', 'sub_category_name': 'Disbursements'}, {'sub_category_id': '249', 'sub_category_name': 'Levin Fund'}, {'sub_category_id': '257', 'sub_category_name': 'Receipts'}]}]"
2210,723,,N/A,QUALIFIED PARTY,U,C00011197,KENTUCKY STATE DEMOCRATIC CENTRAL EXECUTIVE COMMITTEE,Y,2012,2015-04-20,http://transition.fec.gov/audits/2012/AuditReport.shtml_2012_KentuckyDemocraticParty.shtml,"[{'primary_category_id': '4', 'primary_category_name': 'Recordkeeping', 'sub_category_list': [{'sub_category_id': '285', 'sub_category_name': 'Federal Election Activity-Services Provided by an Employee'}]}]"
2214,726,H6CA22125,"MCCARTHY, KEVIN",HOUSE,P,C00420935,KEVIN MCCARTHY FOR CONGRESS,H,2012,2015-06-18,http://transition.fec.gov/audits/2012/AuditReport_2012_KevinMcCarthyforCongress.shtml,"[{'primary_category_id': '5', 'primary_category_name': 'Excessive Contributions', 'sub_category_list': [{'sub_category_id': '245', 'sub_category_name': 'Individuals'}]}, {'primary_category_id': '7', 'primary_category_name': 'Misstatement of Financial Activity', 'sub_category_list': [{'sub_category_id': '211', 'sub_category_name': 'Cash Balances'}, {'sub_category_id': '227', 'sub_category_name': 'Disbursements'}, {'sub_category_id': '257', 'sub_category_name': 'Receipts'}]}]"
2222,741,,N/A,QUALIFIED NON-PARTY,D,C00428052,MAJORITY COMMITTEE PAC--MC PAC,Q,2012,2016-06-03,http://transition.fec.gov/audits/2012/AuditReport_2012_MajorityCommitteePAC.shtml,"[{'primary_category_id': '5', 'primary_category_name': 'Excessive Contributions', 'sub_category_list': [{'sub_category_id': '278', 'sub_category_name': 'Contributions to Candidates'}]}]"
2216,10209,,N/A,NON-QUALIFIED PARTY,U,C00496570,NEW AMERICAN CITY INC,X,2012,2015-07-03,http://transition.fec.gov/audits/2012/AuditReport_2012_NewAmericanCity.shtml,"[{'primary_category_id': '3', 'primary_category_name': 'Disclosure', 'sub_category_list': [{'sub_category_id': '224', 'sub_category_name': 'Debt and Obligations'}, {'sub_category_id': '227', 'sub_category_name': 'Disbursements'}, {'sub_category_id': '257', 'sub_category_name': 'Receipts'}]}, {'primary_category_id': '7', 'primary_category_name': 'Misstatement of Financial Activity', 'sub_category_list': [{'sub_category_id': '227', 'sub_category_name': 'Disbursements'}]}]"
2240,736,,N/A,QUALIFIED PARTY,U,C00055582,NEW YORK REPUBLICAN FEDERAL CAMPAIGN COMMITTEE,Y,2012,2018-02-14,https://transition.fec.gov/audits/2012/AuditReport_2012_NYRepublicanFederalCmte.shtml,"[{'primary_category_id': '3', 'primary_category_name': 'Disclosure', 'sub_category_list': [{'sub_category_id': '244', 'sub_category_name': 'Independent Expenditures'}, {'sub_category_id': '251', 'sub_category_name': 'Occupation/Name of Employer'}]}, {'primary_category_id': '4', 'primary_category_name': 'Recordkeeping', 'sub_category_list': [{'sub_category_id': '285', 'sub_category_name': 'Federal Election Activity-Services Provided by an Employee'}, {'sub_category_id': '289', 'sub_category_name': 'Communications'}]}, {'primary_category_id': '7', 'primary_category_name': 'Misstatement of Financial Activity', 'sub_category_list': [{'sub_category_id': '211', 'sub_category_name': 'Cash Balances'}, {'sub_category_id': '227', 'sub_category_name': 'Disbursements'}, {'sub_category_id': '257', 'sub_category_name': 'Receipts'}]}]"
2215,724,,N/A,QUALIFIED PARTY,U,C00040857,OAKLAND COUNTY DEMOCRATIC PARTY,Y,2012,2015-07-03,http://transition.fec.gov/audits/2012/AuditReport_2012_OaklandCountyDemocraticParty.shtml,"[{'primary_category_id': '3', 'primary_category_name': 'Disclosure', 'sub_category_list': [{'sub_category_id': '251', 'sub_category_name': 'Occupation/Name of Employer'}]}, {'primary_category_id': '4', 'primary_category_name': 'Recordkeeping', 'sub_category_list': [{'sub_category_id': '257', 'sub_category_name': 'Receipts'}, {'sub_category_id': '285', 'sub_category_name': 'Federal Election Activity-Services Provided by an Employee'}]}, {'primary_category_id': '7', 'primary_category_name': 'Misstatement of Financial Activity', 'sub_category_list': [{'sub_category_id': '227', 'sub_category_name': 'Disbursements'}, {'sub_category_id': '257', 'sub_category_name': 'Receipts'}, {'sub_category_id': '287', 'sub_category_name': 'Use of Campaign Depository'}]}]"
2223,733,,N/A,QUALIFIED PARTY,U,C00167213,OKLAHOMA LEADERSHIP COUNCIL,Y,2012,2016-09-13,http://transition.fec.gov/audits/2012/AuditReport_2012_OklahomaLeadershipCouncil.shtml,"[{'primary_category_id': '4', 'primary_category_name': 'Recordkeeping', 'sub_category_list': [{'sub_category_id': '285', 'sub_category_name': 'Federal Election Activity-Services Provided by an Employee'}]}, {'primary_category_id': '6', 'primary_category_name': 'Prohibited Contributions', 'sub_category_list': [{'sub_category_id': '269', 'sub_category_name': 'Unregistered Organizations/Non-federal Accounts'}]}, {'primary_category_id': '7', 'primary_category_name': 'Misstatement of Financial Activity', 'sub_category_list': [{'sub_category_id': '211', 'sub_category_name': 'Cash Balances'}, {'sub_category_id': '227', 'sub_category_name': 'Disbursements'}, {'sub_category_id': '249', 'sub_category_name': 'Levin Fund'}, {'sub_category_id': '257', 'sub_category_name': 'Receipts'}]}]"
2229,743,,N/A,QUALIFIED NON-PARTY,U,C00454074,OUR COUNTRY DESERVES BETTER PAC - TEAPARTYEXPRESS.ORG,Q,2012,2017-01-23,http://transition.fec.gov/audits/2012/AuditReport_2012_TeaPartyExpress.shtml,"[{'primary_category_id': '3', 'primary_category_name': 'Disclosure', 'sub_category_list': [{'sub_category_id': '244', 'sub_category_name': 'Independent Expenditures'}, {'sub_category_id': '251', 'sub_category_name': 'Occupation/Name of Employer'}]}, {'primary_category_id': '4', 'primary_category_name': 'Recordkeeping', 'sub_category_list': [{'sub_category_id': '289', 'sub_category_name': 'Communications'}]}, {'primary_category_id': '7', 'primary_category_name': 'Misstatement of Financial Activity', 'sub_category_list': [{'sub_category_id': '227', 'sub_category_name': 'Disbursements'}, {'sub_category_id': '257', 'sub_category_name': 'Receipts'}]}]"
2203,729,H2CT05206,"RORABACK, ANDREW",HOUSE,P,C00504985,RORABACK FOR CONGRESS,H,2012,2014-09-18,http://transition.fec.gov/audits/2010/AuditReport_2012_RorabackforCongress.shtml,"[{'primary_category_id': '16', 'primary_category_name': 'No Findings or Issues/Not a Committee', 'sub_category_list': [{'sub_category_id': '0', 'sub_category_name': 'No Findings or Issues'}]}]"
2233,725,S2TX00312,"CRUZ, RAFAEL EDWARD TED",SENATE,P,C00492785,TED CRUZ FOR SENATE,S,2012,2017-06-22,https://transition.fec.gov/audits/2012/AuditReport_2012_TedCruzforSenate.shtml,"[{'primary_category_id': '8', 'primary_category_name': 'Loans', 'sub_category_list': [{'sub_category_id': '210', 'sub_category_name': 'Candidate Loans'}, {'sub_category_id': '3', 'sub_category_name': 'Disclosure'}]}]"
2198,720,,N/A,QUALIFIED PARTY,U,C00167346,TENNESSEE DEMOCRATIC PARTY,Y,2012,2014-06-24,http://transition.fec.gov/audits/2012/AuditReport_2012_TennesseeDemocraticParty.shtml,"[{'primary_category_id': '3', 'primary_category_name': 'Disclosure', 'sub_category_list': [{'sub_category_id': '249', 'sub_category_name': 'Levin Fund'}]}, {'primary_category_id': '7', 'primary_category_name': 'Misstatement of Financial Activity', 'sub_category_list': [{'sub_category_id': '249', 'sub_category_name': 'Levin Fund'}]}]"
2228,731,,N/A,QUALIFIED PARTY,U,C00089482,UTAH REPUBLICAN PARTY,Y,2012,2017-01-23,http://transition.fec.gov/audits/2012/AuditReport_2012_UtahRepublicanParty.shtml,"[{'primary_category_id': '3', 'primary_category_name': 'Disclosure', 'sub_category_list': [{'sub_category_id': '224', 'sub_category_name': 'Debt and Obligations'}]}, {'primary_category_id': '4', 'primary_category_name': 'Recordkeeping', 'sub_category_list': [{'sub_category_id': '285', 'sub_category_name': 'Federal Election Activity-Services Provided by an Employee'}]}, {'primary_category_id': '5', 'primary_category_name': 'Excessive Contributions', 'sub_category_list': [{'sub_category_id': '245', 'sub_category_name': 'Individuals'}, {'sub_category_id': '262', 'sub_category_name': 'Staff Advances 116.5'}]}, {'primary_category_id': '6', 'primary_category_name': 'Prohibited Contributions', 'sub_category_list': [{'sub_category_id': '222', 'sub_category_name': 'Corporations'}]}, {'primary_category_id': '7', 'primary_category_name': 'Misstatement of Financial Activity', 'sub_category_list': [{'sub_category_id': '211', 'sub_category_name': 'Cash Balances'}, {'sub_category_id': '257', 'sub_category_name': 'Receipts'}]}]"
2220,737,,N/A,QUALIFIED PARTY,U,C00105973,UTAH STATE DEMOCRATIC COMMITTEE,Y,2012,2016-02-23,http://transition.fec.gov/audits/2012/AuditReport._2012_UtahStateDemocraticCommittee.shtml,"[{'primary_category_id': '4', 'primary_category_name': 'Recordkeeping', 'sub_category_list': [{'sub_category_id': '285', 'sub_category_name': 'Federal Election Activity-Services Provided by an Employee'}]}, {'primary_category_id': '5', 'primary_category_name': 'Excessive Contributions', 'sub_category_list': [{'sub_category_id': '215', 'sub_category_name': 'Contributions from PACs/Political Committees'}, {'sub_category_id': '249', 'sub_category_name': 'Levin Fund'}]}, {'primary_category_id': '7', 'primary_category_name': 'Misstatement of Financial Activity', 'sub_category_list': [{'sub_category_id': '211', 'sub_category_name': 'Cash Balances'}, {'sub_category_id': '257', 'sub_category_name': 'Receipts'}, {'sub_category_id': '287', 'sub_category_name': 'Use of Campaign Depository'}]}]"
2156,702,,N/A,QUALIFIED NON-PARTY,U,C00230342,21ST CENTURY DEMOCRATS,Q,2010,2012-02-13,http://transition.fec.gov/audits/2010/AuditReport_2010_21stCenturyDemocrats.shtml,"[{'primary_category_id': '16', 'primary_category_name': 'No Findings or Issues/Not a Committee', 'sub_category_list': [{'sub_category_id': '0', 'sub_category_name': 'No Findings or Issues'}]}]"
2190,709,,N/A,QUALIFIED PARTY,U,C00008227,ARIZONA REPUBLICAN PARTY,Y,2010,2013-11-25,http://transition.fec.gov/audits/2010/AuditReport_2010_ArizonaRepublicanParty.shtml,"[{'primary_category_id': '3', 'primary_category_name': 'Disclosure', 'sub_category_list': [{'sub_category_id': '224', 'sub_category_name': 'Debt and Obligations'}]}, {'primary_category_id': '5', 'primary_category_name': 'Excessive Contributions', 'sub_category_list': [{'sub_category_id': '220', 'sub_category_name': 'Coordinated Expenditures'}]}, {'primary_category_id': '7', 'primary_category_name': 'Misstatement of Financial Activity', 'sub_category_list': [{'sub_category_id': '227', 'sub_category_name': 'Disbursements'}, {'sub_category_id': '257', 'sub_category_name': 'Receipts'}]}]"
2205,692,h47x28046,N/A,HOUSE,P,C00394353,CANSECO FOR CONGRESS,H,2010,2014-11-12,http://transition.fec.gov/audits/2010/AuditReport_2010_CansecoForCongress.shtml,"[{'primary_category_id': '5', 'primary_category_name': 'Excessive Contributions', 'sub_category_list': [{'sub_category_id': '245', 'sub_category_name': 'Individuals'}]}, {'primary_category_id': '6', 'primary_category_name': 'Prohibited Contributions', 'sub_category_list': [{'sub_category_id': '222', 'sub_category_name': 'Corporations'}, {'sub_category_id': '239', 'sub_category_name': 'Foreign Contributions'}]}, {'primary_category_id': '7', 'primary_category_name': 'Misstatement of Financial Activity', 'sub_category_list': [{'sub_category_id': '227', 'sub_category_name': 'Disbursements'}, {'sub_category_id': '257', 'sub_category_name': 'Receipts'}]}, {'primary_category_id': '8', 'primary_category_name': 'Loans', 'sub_category_list': [{'sub_category_id': '210', 'sub_category_name': 'Candidate Loans'}]}]"
2194,706,,N/A,QUALIFIED PARTY,U,C00342857,DALLAS COUNTY REPUBLICAN PARTY,Y,2010,2014-03-18,http://transition.fec.gov/audits/2010/AuditReport_2010_DallasCountyRepublicanParty.shtml,"[{'primary_category_id': '4', 'primary_category_name': 'Recordkeeping', 'sub_category_list': [{'sub_category_id': '285', 'sub_category_name': 'Federal Election Activity-Services Provided by an Employee'}]}, {'primary_category_id': '7', 'primary_category_name': 'Misstatement of Financial Activity', 'sub_category_list': [{'sub_category_id': '227', 'sub_category_name': 'Disbursements'}, {'sub_category_id': '257', 'sub_category_name': 'Receipts'}]}]"
2204,710,,N/A,QUALIFIED PARTY,U,C00167015,DEMOCRATIC PARTY OF ILLINOIS,Y,2010,2014-11-05,http://transition.fec.gov/audits/2010/AuditReport_2010_DemocraticPartyofIllinois.shtml,"[{'primary_category_id': '2', 'primary_category_name': 'Allocation Issues', 'sub_category_list': [{'sub_category_id': '260', 'sub_category_name': 'Shared Federal/Non-Federal Expenses'}]}, {'primary_category_id': '4', 'primary_category_name': 'Recordkeeping', 'sub_category_list': [{'sub_category_id': '257', 'sub_category_name': 'Receipts'}, {'sub_category_id': '285', 'sub_category_name': 'Federal Election Activity-Services Provided by an Employee'}]}, {'primary_category_id': '7', 'primary_category_name': 'Misstatement of Financial Activity', 'sub_category_list': [{'sub_category_id': '227', 'sub_category_name': 'Disbursements'}, {'sub_category_id': '249', 'sub_category_name': 'Levin Fund'}, {'sub_category_id': '257', 'sub_category_name': 'Receipts'}]}]"
2195,705,,N/A,QUALIFIED PARTY,U,C00007658,DEMOCRATIC PARTY OF SOUTH CAROLINA,Y,2010,2014-03-18,http://transition.fec.gov/audits/2010/AuditReport_2010_DemocraticPartyofSouthCarolina.shtml,"[{'primary_category_id': '4', 'primary_category_name': 'Recordkeeping', 'sub_category_list': [{'sub_category_id': '285', 'sub_category_name': 'Federal Election Activity-Services Provided by an Employee'}]}, {'primary_category_id': '5', 'primary_category_name': 'Excessive Contributions', 'sub_category_list': [{'sub_category_id': '220', 'sub_category_name': 'Coordinated Expenditures'}]}]"
2168,696,H0HI01157,"DJOU, CHARLES K",HOUSE,P,C00441451,DJOU FOR HAWAII,H,2010,2012-10-02,http://transition.fec.gov/audits/2010/AuditReport_2010_DjouforHawii.shtml,"[{'primary_category_id': '1', 'primary_category_name': 'Failure to File Reports/Schedules/Notices', 'sub_category_list': [{'sub_category_id': '203', 'sub_category_name': '48 Hour Notices'}]}, {'primary_category_id': '3', 'primary_category_name': 'Disclosure', 'sub_category_list': [{'sub_category_id': '224', 'sub_category_name': 'Debt and Obligations'}]}, {'primary_category_id': '7', 'primary_category_name': 'Misstatement of Financial Activity', 'sub_category_list': [{'sub_category_id': '211', 'sub_category_name': 'Cash Balances'}]}]"
2173,695,S0NV00138,"ANGLE, SHARRON E",SENATE,P,C00460758,FRIENDS OF SHARRON ANGLE,S,2010,2012-12-03,http://transition.fec.gov/audits/2010/AuditReport_2010_FriendsofSharronAngle.shtml,"[{'primary_category_id': '1', 'primary_category_name': 'Failure to File Reports/Schedules/Notices', 'sub_category_list': [{'sub_category_id': '203', 'sub_category_name': '48 Hour Notices'}]}, {'primary_category_id': '3', 'primary_category_name': 'Disclosure', 'sub_category_list': [{'sub_category_id': '224', 'sub_category_name': 'Debt and Obligations'}]}]"
2164,699,H0IN09070,"YOUNG, TODD CHRISTOPHER",HOUSE,P,C00459255,FRIENDS OF TODD YOUNG,H,2010,2012-08-13,http://transition.fec.gov/audits/2010/AuditReport_2010_FriendsofToddYoung.shtml,"[{'primary_category_id': '1', 'primary_category_name': 'Failure to File Reports/Schedules/Notices', 'sub_category_list': [{'sub_category_id': '203', 'sub_category_name': '48 Hour Notices'}]}, {'primary_category_id': '5', 'primary_category_name': 'Excessive Contributions', 'sub_category_list': [{'sub_category_id': '245', 'sub_category_name': 'Individuals'}]}, {'primary_category_id': '6', 'primary_category_name': 'Prohibited Contributions', 'sub_category_list': [{'sub_category_id': '222', 'sub_category_name': 'Corporations'}]}]"
2155,694,S0OR00220,"HUFFMAN, JAMES LLOYD II",SENATE,P,C00478008,JIM HUFFMAN FOR SENATE,S,2010,2012-02-14,http://transition.fec.gov/audits/2010/AuditReport_2010_HuffmanforSenate.shtml,"[{'primary_category_id': '16', 'primary_category_name': 'No Findings or Issues/Not a Committee', 'sub_category_list': [{'sub_category_id': '0', 'sub_category_name': 'No Findings or Issues'}]}]"
2153,704,,N/A,QUALIFIED NON-PARTY,U,C00010983,JOHNSON & JOHNSON POLITICAL ACTION COMMITTEE,Q,2010,2012-01-23,http://transition.fec.gov/audits/2008/AuditReport_2010_JohnsonJohnsonPAC.shtml,"[{'primary_category_id': '16', 'primary_category_name': 'No Findings or Issues/Not a Committee', 'sub_category_list': [{'sub_category_id': '0', 'sub_category_name': 'No Findings or Issues'}]}]"
2189,711,,N/A,QUALIFIED PARTY,U,C00089243,MASSACHUSETTS DEMOCRATIC STATE COMMITTEE - FED FUND,Y,2010,2013-11-18,http://transition.fec.gov/audits/2010/AuditReport_2010_MassachusettsDemStateCommittee.shtml,"[{'primary_category_id': '16', 'primary_category_name': 'No Findings or Issues/Not a Committee', 'sub_category_list': [{'sub_category_id': '0', 'sub_category_name': 'No Findings or Issues'}]}]"
2188,701,,N/A,QUALIFIED PARTY,U,C00149641,MISSISSIPPI DEMOCRATIC PARTY POLITICAL ACTION COMMITTEE,Y,2010,2013-10-29,http://transition.fec.gov/audits/2010/AuditReport_2010_MississippiDemocraticParty.shtml,"[{'primary_category_id': '3', 'primary_category_name': 'Disclosure', 'sub_category_list': [{'sub_category_id': '227', 'sub_category_name': 'Disbursements'}, {'sub_category_id': '251', 'sub_category_name': 'Occupation/Name of Employer'}]}, {'primary_category_id': '4', 'primary_category_name': 'Recordkeeping', 'sub_category_list': [{'sub_category_id': '285', 'sub_category_name': 'Federal Election Activity-Services Provided by an Employee'}]}, {'primary_category_id': '7', 'primary_category_name': 'Misstatement of Financial Activity', 'sub_category_list': [{'sub_category_id': '227', 'sub_category_name': 'Disbursements'}, {'sub_category_id': '257', 'sub_category_name': 'Receipts'}]}, {'primary_category_id': '9', 'primary_category_name': 'Other', 'sub_category_list': [{'sub_category_id': '290', 'sub_category_name': 'Increased Activity'}]}]"
2162,703,,N/A,QUALIFIED NON-PARTY,U,C00002238,NATIONAL COUNCIL OF FARMER COOPERATIVES CO-OP/PAC,Q,2010,2012-07-30,http://transition.fec.gov/audits/AuditReport_2010_NationalCouncilFarmersPAC.shtml,"[{'primary_category_id': '3', 'primary_category_name': 'Disclosure', 'sub_category_list': [{'sub_category_id': '218', 'sub_category_name': 'Contributions Made'}, {'sub_category_id': '251', 'sub_category_name': 'Occupation/Name of Employer'}]}, {'primary_category_id': '7', 'primary_category_name': 'Misstatement of Financial Activity', 'sub_category_list': [{'sub_category_id': '227', 'sub_category_name': 'Disbursements'}, {'sub_category_id': '257', 'sub_category_name': 'Receipts'}]}]"
2206,716,,N/A,QUALIFIED PARTY,U,C00003988,NEBRASKA DEMOCRATIC STATE CENTRAL COMMITTEE,Y,2010,2014-11-10,http://transition.fec.gov/audits/2010/AuditReport_2010_NebraskaDemocraticParty.shtml,"[{'primary_category_id': '3', 'primary_category_name': 'Disclosure', 'sub_category_list': [{'sub_category_id': '224', 'sub_category_name': 'Debt and Obligations'}]}, {'primary_category_id': '4', 'primary_category_name': 'Recordkeeping', 'sub_category_list': [{'sub_category_id': '285', 'sub_category_name': 'Federal Election Activity-Services Provided by an Employee'}]}, {'primary_category_id': '5', 'primary_category_name': 'Excessive Contributions', 'sub_category_list': [{'sub_category_id': '220', 'sub_category_name': 'Coordinated Expenditures'}]}]"
2192,712,,N/A,QUALIFIED PARTY,U,C00018929,NORTH DAKOTA REPUBLICAN PARTY,Y,2010,2014-02-12,http://transition.fec.gov/audits/2010/AuditReport_2010_NorthDakotaRepublicanParty.shtml,"[{'primary_category_id': '3', 'primary_category_name': 'Disclosure', 'sub_category_list': [{'sub_category_id': '224', 'sub_category_name': 'Debt and Obligations'}]}, {'primary_category_id': '7', 'primary_category_name': 'Misstatement of Financial Activity', 'sub_category_list': [{'sub_category_id': '227', 'sub_category_name': 'Disbursements'}, {'sub_category_id': '257', 'sub_category_name': 'Receipts'}]}, {'primary_category_id': '9', 'primary_category_name': 'Other', 'sub_category_list': [{'sub_category_id': '290', 'sub_category_name': 'Increased Activity'}]}]"
2169,697,H8NY21203,"TONKO, PAUL DAVID",HOUSE,P,C00450049,PAUL TONKO FOR CONGRESS,H,2010,2012-11-02,http://transition.fec.gov/audits/2010/AuditReport_2010_PaulTonkoforCongress.shtml,"[{'primary_category_id': '6', 'primary_category_name': 'Prohibited Contributions', 'sub_category_list': [{'sub_category_id': '222', 'sub_category_name': 'Corporations'}]}, {'primary_category_id': '7', 'primary_category_name': 'Misstatement of Financial Activity', 'sub_category_list': [{'sub_category_id': '211', 'sub_category_name': 'Cash Balances'}, {'sub_category_id': '227', 'sub_category_name': 'Disbursements'}]}]"
2186,698,H0IL14080,"HULTGREN, RANDY",HOUSE,P,C00467522,RANDY HULTGREN FOR CONGRESS,H,2010,2013-03-13,http://transition.fec.gov/audits/2010/AuditReport_2010_RandyHultgren.shtml,"[{'primary_category_id': '7', 'primary_category_name': 'Misstatement of Financial Activity', 'sub_category_list': [{'sub_category_id': '227', 'sub_category_name': 'Disbursements'}, {'sub_category_id': '257', 'sub_category_name': 'Receipts'}]}, {'primary_category_id': '8', 'primary_category_name': 'Loans', 'sub_category_list': [{'sub_category_id': '210', 'sub_category_name': 'Candidate Loans'}, {'sub_category_id': '236', 'sub_category_name': 'Failure to Itemize  Expenditures'}, {'sub_category_id': '3', 'sub_category_name': 'Disclosure'}]}]"
2193,718,,N/A,QUALIFIED PARTY,U,C00014498,REPUBLICAN PARTY OF IOWA,Y,2010,2014-03-18,http://transition.fec.gov/audits/2010/AuditReport_2010_RepublicanPartyofIowa.shtml,"[{'primary_category_id': '3', 'primary_category_name': 'Disclosure', 'sub_category_list': [{'sub_category_id': '224', 'sub_category_name': 'Debt and Obligations'}]}, {'primary_category_id': '4', 'primary_category_name': 'Recordkeeping', 'sub_category_list': [{'sub_category_id': '285', 'sub_category_name': 'Federal Election Activity-Services Provided by an Employee'}]}]"
2213,714,,N/A,QUALIFIED PARTY,U,C00158402,REPUBLICAN PARTY OF ORANGE COUNTY (FEDERAL),Y,2010,2015-05-05,http://transition.fec.gov/audits/2010/AuditReport_2010_RepublicanPartyofOrangeCounty.shtml,"[{'primary_category_id': '2', 'primary_category_name': 'Allocation Issues', 'sub_category_list': [{'sub_category_id': '286', 'sub_category_name': 'Federal/Levin Funds'}]}, {'primary_category_id': '3', 'primary_category_name': 'Disclosure', 'sub_category_list': [{'sub_category_id': '224', 'sub_category_name': 'Debt and Obligations'}]}, {'primary_category_id': '4', 'primary_category_name': 'Recordkeeping', 'sub_category_list': [{'sub_category_id': '285', 'sub_category_name': 'Federal Election Activity-Services Provided by an Employee'}]}, {'primary_category_id': '7', 'primary_category_name': 'Misstatement of Financial Activity', 'sub_category_list': [{'sub_category_id': '227', 'sub_category_name': 'Disbursements'}, {'sub_category_id': '257', 'sub_category_name': 'Receipts'}]}, {'primary_category_id': '9', 'primary_category_name': 'Other', 'sub_category_list': [{'sub_category_id': '266', 'sub_category_name': 'Impermissible Transfer of funds'}]}]"
