active_through,candidate_id,candidate_inactive,candidate_status,cycles,district,district_number,election_districts,election_years,federal_funds_flag,first_file_date,has_raised_funds,inactive_election_years,incumbent_challenge,incumbent_challenge_full,last_f2_date,last_file_date,load_date,name,office,office_full,party,party_full,principal_committees,state
2024,P40014052,False,N,[2024],00,0.0,['00'],[2024],False,2023-06-24,False,,C,Challenger,2023-06-24,2023-06-24,2023-07-10T21:05:09,"212 N HALF  W. JOHN, RODNEY HOWARD MR.",P,President,IND,INDEPENDENT,"[{'affiliated_committee_name': 'NONE', 'candidate_ids': ['P40014052'], 'committee_id': 'C00843664', 'committee_type': 'P', 'committee_type_full': 'Presidential', 'cycles': [2024], 'designation': 'P', 'designation_full': 'Principal campaign committee', 'filing_frequency': 'Q', 'first_f1_date': '2023-06-24', 'first_file_date': '2023-06-24', 'last_f1_date': '2023-06-24', 'last_file_date': '2023-06-24', 'name': 'RODNEY JAMES HOWARD', 'organization_type': None, 'organization_type_full': None, 'party': 'IND', 'party_full': 'INDEPENDENT', 'state': 'IL', 'treasurer_name': 'HOWARD, RODNEY JAMES MR.'}]",US
2024,P40013401,False,N,[2024],00,0.0,['00'],[2024],False,2023-06-04,False,,C,Challenger,2023-06-04,2023-06-04,2023-06-08T21:05:05,"375 ROB ROY DR, DAVID J SR SR",P,President,DEM,DEMOCRATIC PARTY,"[{'affiliated_committee_name': 'NONE', 'candidate_ids': ['P40013393', 'P40013401', 'P40013419'], 'committee_id': 'C00841965', 'committee_type': 'P', 'committee_type_full': 'Presidential', 'cycles': [2024], 'designation': 'P', 'designation_full': 'Principal campaign committee', 'filing_frequency': 'Q', 'first_f1_date': '2023-06-04', 'first_file_date': '2023-06-04', 'last_f1_date': '2023-06-04', 'last_file_date': '2023-06-04', 'name': 'DAVID JOSHUA COOK BARNARD', 'organization_type': None, 'organization_type_full': None, 'party': 'DEM', 'party_full': 'DEMOCRATIC PARTY', 'state': 'FL', 'treasurer_name': 'BARNARD, DAVID JOSHUA COOK JR JR'}]",US
2024,P40013393,False,N,[2024],00,0.0,['00'],[2024],False,2023-06-04,False,,C,Challenger,2023-06-04,2023-06-04,2023-06-08T21:05:05,"375 ROB ROY DR, DAVID J SR SR",P,President,DEM,DEMOCRATIC PARTY,"[{'affiliated_committee_name': 'NONE', 'candidate_ids': ['P40013393', 'P40013401', 'P40013419'], 'committee_id': 'C00841965', 'committee_type': 'P', 'committee_type_full': 'Presidential', 'cycles': [2024], 'designation': 'P', 'designation_full': 'Principal campaign committee', 'filing_frequency': 'Q', 'first_f1_date': '2023-06-04', 'first_file_date': '2023-06-04', 'last_f1_date': '2023-06-04', 'last_file_date': '2023-06-04', 'name': 'DAVID JOSHUA COOK BARNARD', 'organization_type': None, 'organization_type_full': None, 'party': 'DEM', 'party_full': 'DEMOCRATIC PARTY', 'state': 'FL', 'treasurer_name': 'BARNARD, DAVID JOSHUA COOK JR JR'}]",US
2020,P00011569,False,N,"[2020, 2022]",00,0.0,['00'],[2020],False,2019-04-23,False,,C,Challenger,2019-04-23,2019-04-23,2021-12-08T06:50:50,"753, JO",P,President,NNE,NONE,"[{'affiliated_committee_name': 'NONE', 'candidate_ids': ['P00011569'], 'committee_id': 'C00631770', 'committee_type': 'P', 'committee_type_full': 'Presidential', 'cycles': [2018, 2020, 2022], 'designation': 'P', 'designation_full': 'Principal campaign committee', 'filing_frequency': 'T', 'first_f1_date': '2017-01-25', 'first_file_date': '2017-01-25', 'last_f1_date': '2017-01-25', 'last_file_date': '2021-06-14', 'name': '753 2020', 'organization_type': None, 'organization_type_full': None, 'party': 'DEM', 'party_full': 'DEMOCRATIC PARTY', 'state': 'IL', 'treasurer_name': 'SEVENFIVETHREE, JO MR.'}]",US
2004,P40002172,False,N,"[2002, 2004]",00,0.0,['00'],[2004],False,2002-01-30,False,,C,Challenger,2002-01-30,2002-01-30,2002-04-12T00:00:00,"AABBATTE, MICHAEL THOMAS WITORT",P,President,IND,INDEPENDENT,[],US
2022,S2CO00175,False,P,"[2022, 2024]",00,0.0,['00'],[2022],False,2021-06-04,False,,C,Challenger,2021-06-04,2021-06-04,2023-03-09T10:16:03,"AADLAND, ERIK",S,Senate,REP,REPUBLICAN PARTY,[],CO
2022,H2CO07170,False,P,"[2022, 2024]",07,7.0,['07'],[2022],False,2021-12-27,True,,O,Open seat,2022-08-10,2022-08-10,2023-03-09T10:16:03,"AADLAND, ERIK",H,House,REP,REPUBLICAN PARTY,"[{'affiliated_committee_name': 'TAKE BACK THE HOUSE 2022', 'candidate_ids': ['H2CO07170', 'S2CO00175'], 'committee_id': 'C00781492', 'committee_type': 'H', 'committee_type_full': 'House', 'cycles': [2022, 2024], 'designation': 'P', 'designation_full': 'Principal campaign committee', 'filing_frequency': 'T', 'first_f1_date': '2021-06-04', 'first_file_date': '2021-06-04', 'last_f1_date': '2022-08-15', 'last_file_date': '2023-10-17', 'name': 'AADLAND FOR COLORADO', 'organization_type': None, 'organization_type_full': None, 'party': 'REP', 'party_full': 'REPUBLICAN PARTY', 'state': 'CO', 'treasurer_name': 'BJORKLUND, TOM'}]",CO
2022,H2UT03280,False,C,[2022],03,3.0,['03'],[2022],False,2020-03-24,True,,C,Challenger,2022-03-21,2022-03-21,2022-04-13T21:10:09,"AALDERS, TIM",H,House,REP,REPUBLICAN PARTY,"[{'affiliated_committee_name': 'NONE', 'candidate_ids': ['H2UT03280'], 'committee_id': 'C00809996', 'committee_type': 'H', 'committee_type_full': 'House', 'cycles': [2022], 'designation': 'P', 'designation_full': 'Principal campaign committee', 'filing_frequency': 'T', 'first_f1_date': '2022-03-21', 'first_file_date': '2022-03-21', 'last_f1_date': '2022-03-21', 'last_file_date': '2022-07-22', 'name': 'TIM AALDERS FOR CONGRESS COMMITTEE', 'organization_type': None, 'organization_type_full': None, 'party': 'REP', 'party_full': 'REPUBLICAN PARTY', 'state': 'UT', 'treasurer_name': 'DATWYLER, THOMAS'}]",UT
2018,S2UT00229,False,P,"[2012, 2014, 2016, 2018, 2020]",00,0.0,"['00', '00']","[2012, 2018]",False,2012-02-08,True,,O,Open seat,2018-04-23,2018-04-23,2019-03-27T16:02:41,"AALDERS, TIMOTHY NOEL",S,Senate,CON,CONSTITUTION PARTY,"[{'affiliated_committee_name': 'NONE', 'candidate_ids': ['S2UT00229'], 'committee_id': 'C00678300', 'committee_type': 'S', 'committee_type_full': 'Senate', 'cycles': [2018, 2020], 'designation': 'P', 'designation_full': 'Principal campaign committee', 'filing_frequency': 'T', 'first_f1_date': '2018-05-04', 'first_file_date': '2018-05-04', 'last_f1_date': '2018-12-04', 'last_file_date': '2020-08-07', 'name': 'TIM AALDERS FOR US SENATE', 'organization_type': None, 'organization_type_full': None, 'party': 'CON', 'party_full': 'CONSTITUTION PARTY', 'state': 'UT', 'treasurer_name': 'AALDERS, TIM'}, {'affiliated_committee_name': None, 'candidate_ids': ['S2UT00229'], 'committee_id': 'C00512632', 'committee_type': 'S', 'committee_type_full': 'Senate', 'cycles': [2012, 2014, 2016], 'designation': 'P', 'designation_full': 'Principal campaign committee', 'filing_frequency': 'A', 'first_f1_date': '2012-02-08', 'first_file_date': '2012-02-08', 'last_f1_date': '2012-02-08', 'last_file_date': '2015-11-10', 'name': 'TIM AALDERS FOR SENATE', 'organization_type': None, 'organization_type_full': None, 'party': 'REP', 'party_full': 'REPUBLICAN PARTY', 'state': 'UT', 'treasurer_name': 'DWAYNE A VANCE'}]",UT
2020,H0TX22260,False,C,[2020],22,22.0,['22'],[2020],False,2019-10-17,True,,O,Open seat,2019-10-17,2019-10-17,2020-03-18T21:13:37,"AALOORI, BANGAR REDDY",H,House,REP,REPUBLICAN PARTY,"[{'affiliated_committee_name': 'NONE', 'candidate_ids': ['H0TX22260'], 'committee_id': 'C00723460', 'committee_type': 'H', 'committee_type_full': 'House', 'cycles': [2020], 'designation': 'P', 'designation_full': 'Principal campaign committee', 'filing_frequency': 'T', 'first_f1_date': '2019-10-17', 'first_file_date': '2019-10-17', 'last_f1_date': '2019-10-17', 'last_file_date': '2020-07-15', 'name': 'BANGAR REDDY FOR CONGRESS', 'organization_type': None, 'organization_type_full': None, 'party': 'REP', 'party_full': 'REPUBLICAN PARTY', 'state': 'TX', 'treasurer_name': 'GUENLEY, JUSTIN'}]",TX
1978,H6PA16106,False,P,"[1976, 1978, 1980]",16,16.0,"['16', '16']","[1976, 1978]",False,1976-04-12,True,,,,1978-07-05,1978-07-05,2002-03-30T00:00:00,"AAMODT, NORMAN O.",H,House,REP,REPUBLICAN PARTY,"[{'affiliated_committee_name': None, 'candidate_ids': ['H6PA16106'], 'committee_id': 'C00090498', 'committee_type': 'H', 'committee_type_full': 'House', 'cycles': [1978, 1980], 'designation': 'P', 'designation_full': 'Principal campaign committee', 'filing_frequency': 'T', 'first_f1_date': '1978-03-22', 'first_file_date': '1978-03-22', 'last_f1_date': '1978-06-13', 'last_file_date': '1979-04-06', 'name': 'AAMODT FOR CONGRESS', 'organization_type': None, 'organization_type_full': None, 'party': 'REP', 'party_full': 'REPUBLICAN PARTY', 'state': 'PA', 'treasurer_name': 'CHARLES SHUMARD'}]",PA
2012,H2CA01110,False,P,"[2012, 2014, 2016]",01,1.0,['01'],[2012],False,2012-02-22,True,,C,Challenger,2012-02-22,2012-02-22,2013-04-26T09:04:30,"AANESTAD, SAMUEL",H,House,REP,REPUBLICAN PARTY,"[{'affiliated_committee_name': None, 'candidate_ids': ['H2CA01110'], 'committee_id': 'C00513580', 'committee_type': 'H', 'committee_type_full': 'House', 'cycles': [2012, 2014, 2016], 'designation': 'P', 'designation_full': 'Principal campaign committee', 'filing_frequency': 'A', 'first_f1_date': '2012-02-22', 'first_file_date': '2012-02-22', 'last_f1_date': '2014-07-18', 'last_file_date': '2015-12-16', 'name': 'SAM AANESTAD FOR CONGRESS COMMITTEE', 'organization_type': None, 'organization_type_full': None, 'party': 'REP', 'party_full': 'REPUBLICAN PARTY', 'state': 'CA', 'treasurer_name': 'SAM AANESTAD'}]",CA
2018,H8CO06237,False,C,[2018],06,6.0,['06'],[2018],False,2017-04-26,True,,C,Challenger,2017-04-26,2017-04-26,2017-08-01T20:57:28,"AARESTAD, DAVID",H,House,DEM,DEMOCRATIC PARTY,"[{'affiliated_committee_name': 'NONE', 'candidate_ids': ['H8CO06237'], 'committee_id': 'C00637678', 'committee_type': 'H', 'committee_type_full': 'House', 'cycles': [2018], 'designation': 'P', 'designation_full': 'Principal campaign committee', 'filing_frequency': 'T', 'first_f1_date': '2017-04-14', 'first_file_date': '2017-04-14', 'last_f1_date': '2017-09-01', 'last_file_date': '2019-01-30', 'name': 'COLORADANS FOR AARESTAD', 'organization_type': None, 'organization_type_full': None, 'party': 'DEM', 'party_full': 'DEMOCRATIC PARTY', 'state': 'CO', 'treasurer_name': 'PHILLIPS, JOHN'}]",CO
1998,H8CA18053,False,N,[1998],18,18.0,['18'],[1998],False,,False,,C,Challenger,,,2002-04-03T00:00:00,"AAROE, KEN",H,House,LIB,LIBERTARIAN PARTY,[],CA
2008,P80002926,False,N,"[2006, 2008, 2010, 2012, 2014, 2016]",00,0.0,['00'],[2008],False,2005-10-12,True,,O,Open seat,2007-03-13,2007-03-13,2016-11-17T06:10:48,"AARON, LAURA DAVIS",P,President,DEM,DEMOCRATIC PARTY,"[{'affiliated_committee_name': None, 'candidate_ids': ['P80002926'], 'committee_id': 'C00415679', 'committee_type': 'P', 'committee_type_full': 'Presidential', 'cycles': [2006, 2008, 2010, 2012, 2014, 2016], 'designation': 'P', 'designation_full': 'Principal campaign committee', 'filing_frequency': 'A', 'first_f1_date': '2005-10-12', 'first_file_date': '2005-10-12', 'last_f1_date': '2007-03-13', 'last_file_date': '2015-09-11', 'name': 'LAURA DAVIS AARON PRESIDENTAIL COMMITTEE 2008 INC AARON FOR PRESIDENT 2008 INC', 'organization_type': None, 'organization_type_full': None, 'party': 'DEM', 'party_full': 'DEMOCRATIC PARTY', 'state': 'TN', 'treasurer_name': 'LAURA DAVIS AARON-IBITOYE-BLACKWELL'}]",US
2020,H0FL21102,False,N,[2020],21,21.0,['21'],[2020],False,2019-11-20,False,,C,Challenger,2019-11-20,2019-11-20,2019-11-25T21:06:05,"AARONS, ADAM",H,House,DEM,DEMOCRATIC PARTY,"[{'affiliated_committee_name': 'NONE', 'candidate_ids': ['H0FL21102'], 'committee_id': 'C00728949', 'committee_type': 'H', 'committee_type_full': 'House', 'cycles': [2020], 'designation': 'P', 'designation_full': 'Principal campaign committee', 'filing_frequency': 'T', 'first_f1_date': '2019-11-27', 'first_file_date': '2019-11-27', 'last_f1_date': '2019-11-27', 'last_file_date': '2020-02-13', 'name': 'ADAM AARONS FOR CONGRESS', 'organization_type': None, 'organization_type_full': None, 'party': 'DEM', 'party_full': 'DEMOCRATIC PARTY', 'state': 'FL', 'treasurer_name': 'AARONS-KRAVETZKY, ELANIT'}]",FL
2024,H4OR05312,False,C,[2024],05,5.0,['05'],[2024],False,2023-07-24,True,,C,Challenger,2023-07-24,2023-07-24,2023-10-16T21:03:02,"AASEN, ANDREW J",H,House,NON,NON-PARTY,"[{'affiliated_committee_name': 'NONE', 'candidate_ids': ['H4OR05312'], 'committee_id': 'C00846311', 'committee_type': 'H', 'committee_type_full': 'House', 'cycles': [2024], 'designation': 'P', 'designation_full': 'Principal campaign committee', 'filing_frequency': 'Q', 'first_f1_date': '2023-07-24', 'first_file_date': '2023-07-24', 'last_f1_date': '2023-07-24', 'last_file_date': '2024-08-02', 'name': 'ANDREW AASEN FOR CONGRESS', 'organization_type': None, 'organization_type_full': None, 'party': 'NON', 'party_full': 'NON-PARTY', 'state': 'OR', 'treasurer_name': 'AASEN, ANDREW J'}]",OR
2024,H2CA30291,False,N,"[2022, 2024]",32,32.0,"['32', '32']","[2022, 2024]",False,2021-01-16,True,,C,Challenger,2022-07-15,2022-07-15,2023-01-12T22:24:01,"AAZAMI, SHERVIN",H,House,DEM,DEMOCRATIC PARTY,"[{'affiliated_committee_name': 'NONE', 'candidate_ids': ['H2CA30291'], 'committee_id': 'C00766634', 'committee_type': 'H', 'committee_type_full': 'House', 'cycles': [2020, 2022, 2024], 'designation': 'P', 'designation_full': 'Principal campaign committee', 'filing_frequency': 'T', 'first_f1_date': '2021-01-16', 'first_file_date': '2021-01-16', 'last_f1_date': '2022-07-15', 'last_file_date': '2023-07-19', 'name': 'SHERVIN AAZAMI FOR CONGRESS', 'organization_type': None, 'organization_type_full': None, 'party': 'DEM', 'party_full': 'DEMOCRATIC PARTY', 'state': 'CA', 'treasurer_name': 'AAZAMI, SHERVIN'}]",CA
2016,P60016326,False,N,[2016],00,0.0,['00'],[2016],False,2015-09-30,False,,O,Open seat,2015-09-30,2015-09-30,2016-11-17T06:10:49,"ABABIY, JON",P,President,PAF,PEACE AND FREEDOM,[],US
2022,H2MN07162,False,P,"[2022, 2024]",07,7.0,['07'],[2022],False,2022-06-06,True,,C,Challenger,2022-06-06,2022-06-06,2023-03-09T10:16:03,"ABAHSAIN, JILL",H,House,DFL,DEMOCRATIC-FARMER-LABOR,"[{'affiliated_committee_name': 'NONE', 'candidate_ids': ['H2MN07162'], 'committee_id': 'C00817437', 'committee_type': 'H', 'committee_type_full': 'House', 'cycles': [2022, 2024], 'designation': 'P', 'designation_full': 'Principal campaign committee', 'filing_frequency': 'T', 'first_f1_date': '2022-06-06', 'first_file_date': '2022-06-06', 'last_f1_date': '2022-07-29', 'last_file_date': '2023-04-15', 'name': 'JILL ABAHSAIN FOR CONGRESS 2022', 'organization_type': None, 'organization_type_full': None, 'party': 'DFL', 'party_full': 'DEMOCRATIC-FARMER-LABOR', 'state': 'MN', 'treasurer_name': 'TARRANT, JENNA'}]",MN
2000,H0MA01024,False,P,"[2000, 2002, 2004]",01,1.0,['01'],[2000],False,2000-02-02,True,,C,Challenger,2000-02-02,2000-02-02,2002-04-12T00:00:00,"ABAIR, PETER JON",H,House,REP,REPUBLICAN PARTY,"[{'affiliated_committee_name': None, 'candidate_ids': ['H0MA01024'], 'committee_id': 'C00353375', 'committee_type': 'H', 'committee_type_full': 'House', 'cycles': [2000, 2002, 2004, 2006], 'designation': 'P', 'designation_full': 'Principal campaign committee', 'filing_frequency': 'T', 'first_f1_date': '2000-01-29', 'first_file_date': '2000-01-29', 'last_f1_date': '2002-07-29', 'last_file_date': '2006-09-28', 'name': 'PETER ABAIR FOR CONGRESS COMMITTEE', 'organization_type': None, 'organization_type_full': None, 'party': 'REP', 'party_full': 'REPUBLICAN PARTY', 'state': 'MA', 'treasurer_name': 'PETER J ABAIR'}]",MA
2024,P40008203,False,N,"[2022, 2024]",00,0.0,['00'],[2024],False,2022-06-16,False,,C,Challenger,2022-06-16,2022-06-16,2023-01-12T22:24:01,"ABAIR, REBECCA GAIL MS.",P,President,REP,REPUBLICAN PARTY,"[{'affiliated_committee_name': 'NONE', 'candidate_ids': ['P40008203', 'P40009169'], 'committee_id': 'C00864736', 'committee_type': 'P', 'committee_type_full': 'Presidential', 'cycles': [2024], 'designation': 'P', 'designation_full': 'Principal campaign committee', 'filing_frequency': 'Q', 'first_f1_date': '2024-01-06', 'first_file_date': '2024-01-06', 'last_f1_date': '2024-01-06', 'last_file_date': '2024-01-06', 'name': 'REBECCA GAIL ABAIR', 'organization_type': None, 'organization_type_full': None, 'party': 'REP', 'party_full': 'REPUBLICAN PARTY', 'state': 'TN', 'treasurer_name': 'ABAIR, REBECCA GAIL MRS.'}, {'affiliated_committee_name': 'NONE', 'candidate_ids': ['P40008203', 'P40009169'], 'committee_id': 'C00818385', 'committee_type': 'P', 'committee_type_full': 'Presidential', 'cycles': [2022, 2024], 'designation': 'A', 'designation_full': 'Authorized by a candidate', 'filing_frequency': 'Q', 'first_f1_date': '2022-06-16', 'first_file_date': '2022-06-16', 'last_f1_date': '2022-06-16', 'last_file_date': '2022-06-16', 'name': 'REBECCA GAIL ABAIR LAW OFFICE', 'organization_type': None, 'organization_type_full': None, 'party': 'REP', 'party_full': 'REPUBLICAN PARTY', 'state': 'TN', 'treasurer_name': 'ABAIR, REBECCA GAIL MS. I'}]",US
2024,P40009169,False,N,"[2022, 2024]",00,0.0,['00'],[2024],False,2022-10-10,False,,C,Challenger,2022-10-10,2022-10-10,2023-01-12T22:24:01,"ABAIR, REBECCA GAIL MS. PHD",P,President,REP,REPUBLICAN PARTY,"[{'affiliated_committee_name': 'NONE', 'candidate_ids': ['P40008203', 'P40009169'], 'committee_id': 'C00864736', 'committee_type': 'P', 'committee_type_full': 'Presidential', 'cycles': [2024], 'designation': 'P', 'designation_full': 'Principal campaign committee', 'filing_frequency': 'Q', 'first_f1_date': '2024-01-06', 'first_file_date': '2024-01-06', 'last_f1_date': '2024-01-06', 'last_file_date': '2024-01-06', 'name': 'REBECCA GAIL ABAIR', 'organization_type': None, 'organization_type_full': None, 'party': 'REP', 'party_full': 'REPUBLICAN PARTY', 'state': 'TN', 'treasurer_name': 'ABAIR, REBECCA GAIL MRS.'}, {'affiliated_committee_name': 'NONE', 'candidate_ids': ['P40008203', 'P40009169'], 'committee_id': 'C00818385', 'committee_type': 'P', 'committee_type_full': 'Presidential', 'cycles': [2022, 2024], 'designation': 'A', 'designation_full': 'Authorized by a candidate', 'filing_frequency': 'Q', 'first_f1_date': '2022-06-16', 'first_file_date': '2022-06-16', 'last_f1_date': '2022-06-16', 'last_file_date': '2022-06-16', 'name': 'REBECCA GAIL ABAIR LAW OFFICE', 'organization_type': None, 'organization_type_full': None, 'party': 'REP', 'party_full': 'REPUBLICAN PARTY', 'state': 'TN', 'treasurer_name': 'ABAIR, REBECCA GAIL MS. I'}]",US
2012,H2MT00039,False,N,"[2012, 2014, 2016, 2018]",00,0.0,['00'],[2012],False,2011-05-25,False,,O,Open seat,2011-10-03,2011-10-03,2011-10-04T23:20:42,"ABARR, JOHN ALLEN",H,House,DEM,DEMOCRATIC PARTY,"[{'affiliated_committee_name': None, 'candidate_ids': ['H2MT00039'], 'committee_id': 'C00496802', 'committee_type': 'H', 'committee_type_full': 'House', 'cycles': [2012, 2014, 2016, 2018], 'designation': 'P', 'designation_full': 'Principal campaign committee', 'filing_frequency': 'A', 'first_f1_date': '2011-05-25', 'first_file_date': '2011-05-25', 'last_f1_date': '2011-09-07', 'last_file_date': '2018-04-26', 'name': 'FRIENDS OF JOHN ABARR', 'organization_type': None, 'organization_type_full': None, 'party': 'REP', 'party_full': 'REPUBLICAN PARTY', 'state': 'MT', 'treasurer_name': 'JOHN ALLEN ABARR'}]",MT
2008,H6NJ05155,False,C,"[2006, 2008]",05,5.0,"['05', '05']","[2006, 2008]",False,2006-03-28,True,,C,Challenger,2007-06-05,2007-06-05,2009-04-29T00:00:00,"ABATE, CAMILLE M",H,House,DEM,DEMOCRATIC PARTY,"[{'affiliated_committee_name': None, 'candidate_ids': ['H6NJ05155'], 'committee_id': 'C00435610', 'committee_type': 'H', 'committee_type_full': 'House', 'cycles': [2008], 'designation': 'P', 'designation_full': 'Principal campaign committee', 'filing_frequency': 'T', 'first_f1_date': '2007-06-05', 'first_file_date': '2007-06-05', 'last_f1_date': '2007-06-05', 'last_file_date': '2008-10-30', 'name': 'ABATE FOR CONGRESS COMMITTEE', 'organization_type': None, 'organization_type_full': None, 'party': 'DEM', 'party_full': 'DEMOCRATIC PARTY', 'state': 'NJ', 'treasurer_name': 'DEBORAH A PORTH'}, {'affiliated_committee_name': None, 'candidate_ids': ['H6NJ05155'], 'committee_id': 'C00422600', 'committee_type': 'H', 'committee_type_full': 'House', 'cycles': [2006, 2008], 'designation': 'A', 'designation_full': 'Authorized by a candidate', 'filing_frequency': 'T', 'first_f1_date': '2006-04-07', 'first_file_date': '2006-04-07', 'last_f1_date': '2006-04-07', 'last_file_date': '2007-04-06', 'name': 'ABATE FOR CONGRESS COMMITTEE', 'organization_type': None, 'organization_type_full': None, 'party': 'DEM', 'party_full': 'DEMOCRATIC PARTY', 'state': 'NJ', 'treasurer_name': 'STANLEY DAVID GOODMAN'}]",NJ
2018,H6AZ03245,False,N,"[2016, 2018]",03,3.0,"['03', '03']","[2016, 2018]",False,2017-04-10,False,,C,Challenger,2017-04-10,2017-04-10,2017-04-19T21:05:08,"ABATECOLA, BILL",H,House,REP,REPUBLICAN PARTY,[],AZ
1992,H2NJ12036,False,P,"[1992, 1994, 1996, 1998]",12,12.0,['12'],[1992],False,1992-04-15,True,,C,Challenger,1992-04-15,1992-04-15,2002-04-03T00:00:00,"ABATE, FRANK G",H,House,DEM,DEMOCRATIC PARTY,"[{'affiliated_committee_name': None, 'candidate_ids': ['H2NJ12036'], 'committee_id': 'C00265827', 'committee_type': 'H', 'committee_type_full': 'House', 'cycles': [1992, 1994, 1996, 1998], 'designation': 'P', 'designation_full': 'Principal campaign committee', 'filing_frequency': 'A', 'first_f1_date': '1992-04-14', 'first_file_date': '1992-04-14', 'last_f1_date': '1992-05-11', 'last_file_date': '1997-09-11', 'name': 'ABATE FOR CONGRESS', 'organization_type': None, 'organization_type_full': None, 'party': None, 'party_full': None, 'state': 'NJ', 'treasurer_name': 'SAMUEL REIN'}]",NJ
1990,H0IA03071,False,C,[1990],03,3.0,['03'],[1990],False,1990-05-01,True,,C,Challenger,1990-05-01,1990-05-01,2002-03-30T00:00:00,"ABBAS, JEFFREY LYN",H,House,REP,REPUBLICAN PARTY,"[{'affiliated_committee_name': None, 'candidate_ids': ['H0IA03071'], 'committee_id': 'C00244954', 'committee_type': 'H', 'committee_type_full': 'House', 'cycles': [1990], 'designation': 'P', 'designation_full': 'Principal campaign committee', 'filing_frequency': 'T', 'first_f1_date': '1990-05-13', 'first_file_date': '1990-05-13', 'last_f1_date': '1990-05-13', 'last_file_date': '1990-11-30', 'name': 'ABBAS FOR CONGRESS COMMITTEE', 'organization_type': None, 'organization_type_full': None, 'party': None, 'party_full': None, 'state': 'IA', 'treasurer_name': 'JAMES S NIBLOCK'}]",IA
1998,H8CT03042,False,N,[1998],03,3.0,['03'],[1998],False,,False,,C,Challenger,,,2002-04-03T00:00:00,"ABBATIELLO, KRISTEN J",H,House,OTH,OTHER,[],CT
2024,H0TX36039,False,N,"[2020, 2024]",38,38.0,"[None, '38']","[2020, 2024]",False,,False,,C,Challenger,,,2024-03-05T21:00:08,"ABBEY, CHAD",H,House,LIB,LIBERTARIAN PARTY,[],TX
2024,H4CA32152,False,N,[2024],32,32.0,['32'],[2024],False,2023-12-03,True,,C,Challenger,2024-02-07,2024-02-07,2024-02-08T21:02:32,"ABBITT, DAVE",H,House,DEM,DEMOCRATIC PARTY,"[{'affiliated_committee_name': 'NONE', 'candidate_ids': ['H4CA32152'], 'committee_id': 'C00859025', 'committee_type': 'H', 'committee_type_full': 'House', 'cycles': [2024], 'designation': 'P', 'designation_full': 'Principal campaign committee', 'filing_frequency': 'Q', 'first_f1_date': '2023-12-04', 'first_file_date': '2023-12-04', 'last_f1_date': '2024-02-07', 'last_file_date': '2024-02-16', 'name': 'DAVE ABBITT FOR CONGRESS', 'organization_type': None, 'organization_type_full': None, 'party': 'DEM', 'party_full': 'DEMOCRATIC PARTY', 'state': 'CA', 'treasurer_name': 'ROTTER, NEIL'}]",CA
1994,H4TX15043,False,C,[1994],15,15.0,['15'],[1994],False,1994-01-14,True,,C,Challenger,1994-01-14,1994-01-14,2002-03-30T00:00:00,"ABBOTT, BONNIE",H,House,REP,REPUBLICAN PARTY,"[{'affiliated_committee_name': None, 'candidate_ids': ['H4TX15043'], 'committee_id': 'C00287706', 'committee_type': 'H', 'committee_type_full': 'House', 'cycles': [1994], 'designation': 'P', 'designation_full': 'Principal campaign committee', 'filing_frequency': 'T', 'first_f1_date': '1994-01-14', 'first_file_date': '1994-01-14', 'last_f1_date': '1994-01-14', 'last_file_date': '1994-07-14', 'name': 'WIN COMMITTEE FOR BONNIE ABBOTT', 'organization_type': None, 'organization_type_full': None, 'party': 'REP', 'party_full': 'REPUBLICAN PARTY', 'state': 'TX', 'treasurer_name': 'REY TORRES'}]",TX
2016,P60005840,False,N,[2016],00,0.0,['00'],[2016],False,2015-02-26,False,,O,Open seat,2015-02-26,2015-02-26,2016-11-17T06:10:49,"ABBOTT, GIFFORD WHEELER JR",P,President,IND,INDEPENDENT,[],US
1996,H6SD00077,False,P,"[1996, 1998]",01,1.0,['00'],[1996],False,1995-10-02,True,,C,Challenger,1995-10-02,1995-10-02,2002-04-03T00:00:00,"ABBOTT, JAMES W",H,House,DEM,DEMOCRATIC PARTY,"[{'affiliated_committee_name': None, 'candidate_ids': ['H6SD00077'], 'committee_id': 'C00307116', 'committee_type': 'H', 'committee_type_full': 'House', 'cycles': [1996, 1998], 'designation': 'P', 'designation_full': 'Principal campaign committee', 'filing_frequency': 'T', 'first_f1_date': '1995-10-11', 'first_file_date': '1995-10-11', 'last_f1_date': '1995-10-11', 'last_file_date': '1998-04-17', 'name': 'SOUTH DAKOTANS FOR JIM ABBOTT', 'organization_type': None, 'organization_type_full': None, 'party': 'DEM', 'party_full': 'DEMOCRATIC PARTY', 'state': 'SD', 'treasurer_name': 'DAN LOVELAND'}]",SD
1992,P80002579,False,P,"[1988, 1990, 1992, 1994, 1996, 1998]",00,0.0,"['00', '00']","[1988, 1992]",True,1988-08-29,True,,C,Challenger,1992-06-16,1992-06-16,2002-04-03T00:00:00,"ABBOTT, JOHN HANCOCK",P,President,DEM,DEMOCRATIC PARTY,"[{'affiliated_committee_name': None, 'candidate_ids': ['P80002579'], 'committee_id': 'C00270397', 'committee_type': 'P', 'committee_type_full': 'Presidential', 'cycles': [1992, 1994], 'designation': 'P', 'designation_full': 'Principal campaign committee', 'filing_frequency': 'T', 'first_f1_date': '1992-06-16', 'first_file_date': '1992-06-16', 'last_f1_date': '1992-06-16', 'last_file_date': '1993-01-30', 'name': 'COMMITTEE FOR JOHN HANCOCK ABBOTT FOR PRESIDENT OF THE USA', 'organization_type': None, 'organization_type_full': None, 'party': 'DEM', 'party_full': 'DEMOCRATIC PARTY', 'state': 'CA', 'treasurer_name': 'CYNTHIA L SWANSON'}, {'affiliated_committee_name': None, 'candidate_ids': ['P80002579'], 'committee_id': 'C00231381', 'committee_type': 'P', 'committee_type_full': 'Presidential', 'cycles': [1988, 1990, 1992, 1994, 1996, 1998], 'designation': 'A', 'designation_full': 'Authorized by a candidate', 'filing_frequency': 'A', 'first_f1_date': '1988-08-29', 'first_file_date': '1988-08-29', 'last_f1_date': '1988-10-25', 'last_file_date': '1997-07-15', 'name': 'COMMITTEE FOR JOHN HANCOCK ABBOTT FOR PRESIDENT', 'organization_type': None, 'organization_type_full': None, 'party': 'DEM', 'party_full': 'DEMOCRATIC PARTY', 'state': 'CA', 'treasurer_name': 'ROSE H ORDONEZ'}]",US
1988,S6CA00345,False,N,"[1986, 1988]",00,0.0,"['00', '00']","[1986, 1988]",False,1988-05-16,True,,C,Challenger,1988-08-29,1988-08-29,2005-05-26T00:00:00,"ABBOTT, JOHN HANCOCK",S,Senate,DEM,DEMOCRATIC PARTY,"[{'affiliated_committee_name': None, 'candidate_ids': ['S6CA00345'], 'committee_id': 'C00227611', 'committee_type': 'S', 'committee_type_full': 'Senate', 'cycles': [1988], 'designation': 'P', 'designation_full': 'Principal campaign committee', 'filing_frequency': 'T', 'first_f1_date': '1988-05-16', 'first_file_date': '1988-05-16', 'last_f1_date': '1988-08-29', 'last_file_date': '1988-08-29', 'name': 'COMMITTEE FOR JOHN HANCOCK ABBOTT FOR THE U S SENATE-CALIFORNIA', 'organization_type': None, 'organization_type_full': None, 'party': None, 'party_full': None, 'state': 'CA', 'treasurer_name': 'ROSE H ORDONEZ'}]",CA
2022,S2VT00359,False,N,[2022],,,[None],[2022],False,,False,,O,Open seat,,,2022-10-26T21:15:05,"ABBOTT, MARTHA",S,Senate,OTH,OTHER,[],VT
2004,H2TX18082,False,P,"[2002, 2004]",18,18.0,"['18', '18']","[2002, 2004]",False,2002-03-12,True,,C,Challenger,2002-03-12,2002-03-12,2005-03-02T00:00:00,"ABBOTT, PHILLIP J.",H,House,REP,REPUBLICAN PARTY,"[{'affiliated_committee_name': None, 'candidate_ids': ['H2TX18082'], 'committee_id': 'C00374504', 'committee_type': 'H', 'committee_type_full': 'House', 'cycles': [2002, 2004], 'designation': 'P', 'designation_full': 'Principal campaign committee', 'filing_frequency': 'T', 'first_f1_date': '2002-03-08', 'first_file_date': '2002-03-08', 'last_f1_date': '2002-03-08', 'last_file_date': '2004-06-15', 'name': 'PHILLIP ABBOTT FOR CONGRESS', 'organization_type': None, 'organization_type_full': None, 'party': 'REP', 'party_full': 'REPUBLICAN PARTY', 'state': 'TX', 'treasurer_name': 'JOHNSTON L WU'}]",TX
2000,H4KY03095,False,P,"[1994, 1996, 2000]",03,3.0,"['03', '03', '03']","[1994, 1996, 2000]",False,1994-05-11,True,,C,Challenger,2000-05-25,2000-05-25,2002-04-07T00:00:00,"ABBOTT, RAYMOND H",H,House,DEM,DEMOCRATIC PARTY,"[{'affiliated_committee_name': None, 'candidate_ids': ['H4KY03095'], 'committee_id': 'C00358283', 'committee_type': 'H', 'committee_type_full': 'House', 'cycles': [2000], 'designation': 'P', 'designation_full': 'Principal campaign committee', 'filing_frequency': 'T', 'first_f1_date': '2000-05-25', 'first_file_date': '2000-05-25', 'last_f1_date': '2000-05-25', 'last_file_date': '2000-07-21', 'name': 'RAYMOND ABBOTT CAMPAIGN FUND', 'organization_type': None, 'organization_type_full': None, 'party': 'DEM', 'party_full': 'DEMOCRATIC PARTY', 'state': 'KY', 'treasurer_name': 'MARYE B DILLON'}, {'affiliated_committee_name': None, 'candidate_ids': ['H4KY03095'], 'committee_id': 'C00293936', 'committee_type': 'H', 'committee_type_full': 'House', 'cycles': [1994, 1996], 'designation': 'P', 'designation_full': 'Principal campaign committee', 'filing_frequency': 'T', 'first_f1_date': '1994-05-11', 'first_file_date': '1994-05-11', 'last_f1_date': '1994-05-11', 'last_file_date': '1995-01-12', 'name': 'RAYMOND ABBOTT CAMPAIGN FUND', 'organization_type': None, 'organization_type_full': None, 'party': 'DEM', 'party_full': 'DEMOCRATIC PARTY', 'state': 'KY', 'treasurer_name': 'MARYE DILLON'}]",KY
2014,H4MI03201,False,N,"[2012, 2014]",03,3.0,['03'],[2014],False,2012-11-16,False,,C,Challenger,2012-11-16,2012-11-16,2013-01-03T22:17:08,"ABBOTT, RICHARD ALLEN IV",H,House,DEM,DEMOCRATIC PARTY,[],MI
2004,H2IN04101,False,P,"[2002, 2004, 2006, 2008]",04,4.0,"['04', '04']","[2002, 2004]",False,2002-06-05,True,,C,Challenger,2004-01-22,2004-01-22,2004-01-29T00:00:00,"ABBOTT, WILLIAM ANTHONY",H,House,DEM,DEMOCRATIC PARTY,"[{'affiliated_committee_name': None, 'candidate_ids': ['H2IN04101'], 'committee_id': 'C00378265', 'committee_type': 'H', 'committee_type_full': 'House', 'cycles': [2002, 2004, 2006, 2008], 'designation': 'P', 'designation_full': 'Principal campaign committee', 'filing_frequency': 'T', 'first_f1_date': '2002-06-05', 'first_file_date': '2002-06-05', 'last_f1_date': '2004-01-22', 'last_file_date': '2007-05-30', 'name': 'BILL ABBOTT FOR PRESERVING AMERICAN JOBS', 'organization_type': None, 'organization_type_full': None, 'party': 'DEM', 'party_full': 'DEMOCRATIC PARTY', 'state': 'IN', 'treasurer_name': 'SARAH RUTH REHMEL'}]",IN
1988,H8NE02089,False,P,"[1988, 1990, 1992, 1994, 1996]",02,2.0,['02'],[1988],False,1987-11-09,True,,C,Challenger,1987-11-09,1987-11-09,2002-04-02T00:00:00,"ABBOUD, CHRIS",H,House,REP,REPUBLICAN PARTY,"[{'affiliated_committee_name': None, 'candidate_ids': ['H8NE02089'], 'committee_id': 'C00219022', 'committee_type': 'H', 'committee_type_full': 'House', 'cycles': [1988, 1990, 1992, 1994, 1996], 'designation': 'P', 'designation_full': 'Principal campaign committee', 'filing_frequency': 'A', 'first_f1_date': '1987-11-09', 'first_file_date': '1987-11-09', 'last_f1_date': '1987-11-09', 'last_file_date': '1996-05-15', 'name': 'CHRIS ABBOUD FOR CONGRESS', 'organization_type': None, 'organization_type_full': None, 'party': 'REP', 'party_full': 'REPUBLICAN PARTY', 'state': 'NE', 'treasurer_name': 'GEORGE E NELSON'}]",NE
2018,S8AZ00122,False,P,"[2018, 2020]",00,0.0,['00'],[2018],False,2017-04-11,True,,O,Open seat,2017-04-11,2017-04-11,2019-03-27T16:02:41,"ABBOUD, DEEDRA",S,Senate,DEM,DEMOCRATIC PARTY,"[{'affiliated_committee_name': None, 'candidate_ids': ['S8AZ00122'], 'committee_id': 'C00637454', 'committee_type': 'S', 'committee_type_full': 'Senate', 'cycles': [2018, 2020], 'designation': 'P', 'designation_full': 'Principal campaign committee', 'filing_frequency': 'T', 'first_f1_date': '2017-04-11', 'first_file_date': '2017-04-11', 'last_f1_date': '2018-08-29', 'last_file_date': '2020-02-13', 'name': 'DEEDRA 2018 FOR US SENATE', 'organization_type': None, 'organization_type_full': None, 'party': 'DEM', 'party_full': 'DEMOCRATIC PARTY', 'state': 'AZ', 'treasurer_name': 'BINNION, MARLENE'}]",AZ
2008,H8IL16062,False,P,"[2008, 2010, 2012]",16,16.0,['16'],[2008],False,2007-08-03,True,,C,Challenger,2007-08-03,2007-08-03,2008-01-07T21:45:39,"ABBOUD, ROBERT",H,House,DEM,DEMOCRATIC PARTY,"[{'affiliated_committee_name': None, 'candidate_ids': ['H8IL16062'], 'committee_id': 'C00437251', 'committee_type': 'H', 'committee_type_full': 'House', 'cycles': [2008, 2010, 2012], 'designation': 'P', 'designation_full': 'Principal campaign committee', 'filing_frequency': 'A', 'first_f1_date': '2007-08-03', 'first_file_date': '2007-08-03', 'last_f1_date': '2007-09-19', 'last_file_date': '2011-12-14', 'name': 'CITIZENS FOR ROBERT ABBOUD', 'organization_type': None, 'organization_type_full': None, 'party': 'DEM', 'party_full': 'DEMOCRATIC PARTY', 'state': 'IL', 'treasurer_name': 'SAMUEL S MELEI'}]",IL
2006,H6OH13224,False,N,[2006],13,13.0,['13'],[2006],False,2006-11-28,False,,O,Open seat,,2007-02-12,2006-07-21T00:00:00,"ABBOUD, RUTH NADER",H,House,REP,REPUBLICAN PARTY,[],OH
2020,H0VA10152,False,N,"[2018, 2020, 2022, 2024]",10,10.0,['10'],[2020],False,2018-11-10,False,,C,Challenger,2018-11-10,2018-11-28,2019-01-28T21:05:11,"ABDALLAH, UNIT89487",H,House,W,WRITE-IN,"[{'affiliated_committee_name': 'NONE', 'candidate_ids': ['H0VA10152'], 'committee_id': 'C00691386', 'committee_type': 'H', 'committee_type_full': 'House', 'cycles': [2018, 2020, 2022, 2024], 'designation': 'P', 'designation_full': 'Principal campaign committee', 'filing_frequency': 'A', 'first_f1_date': '2018-11-10', 'first_file_date': '2018-11-10', 'last_f1_date': '2018-11-10', 'last_file_date': '2023-06-15', 'name': 'SUPERINTELLIGENCE FOR ALL', 'organization_type': None, 'organization_type_full': None, 'party': 'NNE', 'party_full': 'NONE', 'state': 'VA', 'treasurer_name': 'ABDALLAH, TARIK'}]",VA
2022,H2NY12197,False,P,"[2022, 2024]",12,12.0,['12'],[2022],False,2021-04-13,True,,C,Challenger,2021-04-13,2021-04-13,2023-03-09T10:16:03,"ABDELHAMID, RANA",H,House,DEM,DEMOCRATIC PARTY,"[{'affiliated_committee_name': 'NONE', 'candidate_ids': ['H2NY12197'], 'committee_id': 'C00776658', 'committee_type': 'H', 'committee_type_full': 'House', 'cycles': [2022, 2024], 'designation': 'P', 'designation_full': 'Principal campaign committee', 'filing_frequency': 'Q', 'first_f1_date': '2021-04-13', 'first_file_date': '2021-04-13', 'last_f1_date': '2021-04-13', 'last_file_date': '2024-07-11', 'name': 'RANA ABDELHAMID FOR CONGRESS', 'organization_type': None, 'organization_type_full': None, 'party': 'DEM', 'party_full': 'DEMOCRATIC PARTY', 'state': 'NY', 'treasurer_name': 'ABDELHAMID, RANA'}]",NY
1980,H0NY39012,False,P,"[1980, 1982, 1984]",39,39.0,['39'],[1980],False,1980-05-22,True,,,,1980-05-22,1980-05-22,2002-03-30T00:00:00,"ABDELLA, JAMES",H,House,REP,REPUBLICAN PARTY,"[{'affiliated_committee_name': None, 'candidate_ids': ['H0NY39012'], 'committee_id': 'C00128777', 'committee_type': 'H', 'committee_type_full': 'House', 'cycles': [1980, 1982, 1984], 'designation': 'P', 'designation_full': 'Principal campaign committee', 'filing_frequency': 'T', 'first_f1_date': '1980-05-22', 'first_file_date': '1980-05-22', 'last_f1_date': '1980-07-11', 'last_file_date': '1982-06-28', 'name': 'JIM ABDELLA FOR CONGRESS COMMITTEE', 'organization_type': None, 'organization_type_full': None, 'party': 'REP', 'party_full': 'REPUBLICAN PARTY', 'state': 'NY', 'treasurer_name': 'KATHERINE KOTSI'}]",NY
2022,H2MN05174,False,P,"[2022, 2024]",05,5.0,['05'],[2022],False,2021-09-24,False,,C,Challenger,2021-09-24,2021-09-24,2023-03-09T10:16:03,"ABDIRAHMAN, SHUKRI ABDULLAHI MS.",H,House,REP,REPUBLICAN PARTY,[],MN
1986,S0SD00054,False,P,"[1980, 1982, 1984, 1986, 1988, 1990, 1992, 1994, 1996, 1998, 2000, 2002, 2004]",00,0.0,"['00', '00']","[1980, 1986]",False,1980-02-15,True,,C,Challenger,1986-09-09,1987-02-19,2002-04-12T00:00:00,"ABDNOR, JAMES",S,Senate,REP,REPUBLICAN PARTY,"[{'affiliated_committee_name': None, 'candidate_ids': ['H6SD02024', 'S0SD00054'], 'committee_id': 'C00014407', 'committee_type': 'S', 'committee_type_full': 'Senate', 'cycles': [1976, 1978, 1980, 1982, 1984, 1986, 1988, 1990, 1992, 1994, 1996, 1998, 2000, 2002, 2004], 'designation': 'P', 'designation_full': 'Principal campaign committee', 'filing_frequency': 'T', 'first_f1_date': '1978-10-30', 'first_file_date': '1976-07-07', 'last_f1_date': '1988-04-14', 'last_file_date': '2003-03-21', 'name': 'FRIENDS FOR JIM ABDNOR', 'organization_type': None, 'organization_type_full': None, 'party': 'REP', 'party_full': 'REPUBLICAN PARTY', 'state': 'SD', 'treasurer_name': 'JANE BOORMAN'}]",SD
1980,H6SD02024,False,P,"[1976, 1978, 1980]",02,2.0,"['02', '02', '02']","[1976, 1978, 1980]",False,1976-01-26,False,,I,Incumbent,1980-02-27,1980-02-27,2002-03-30T00:00:00,"ABDNOR, JAMES",H,House,REP,REPUBLICAN PARTY,"[{'affiliated_committee_name': None, 'candidate_ids': ['H6SD02024', 'S0SD00054'], 'committee_id': 'C00014407', 'committee_type': 'S', 'committee_type_full': 'Senate', 'cycles': [1976, 1978, 1980, 1982, 1984, 1986, 1988, 1990, 1992, 1994, 1996, 1998, 2000, 2002, 2004], 'designation': 'P', 'designation_full': 'Principal campaign committee', 'filing_frequency': 'T', 'first_f1_date': '1978-10-30', 'first_file_date': '1976-07-07', 'last_f1_date': '1988-04-14', 'last_file_date': '2003-03-21', 'name': 'FRIENDS FOR JIM ABDNOR', 'organization_type': None, 'organization_type_full': None, 'party': 'REP', 'party_full': 'REPUBLICAN PARTY', 'state': 'SD', 'treasurer_name': 'JANE BOORMAN'}]",SD
2018,H8MN05163,False,C,[2018],05,5.0,['05'],[2018],False,2017-01-18,True,,O,Open seat,2018-07-09,2018-07-09,2018-08-07T21:19:28,"ABDULAHI, JAMAL MR.",H,House,DEM,DEMOCRATIC PARTY,"[{'affiliated_committee_name': 'NONE', 'candidate_ids': ['H8MN05163'], 'committee_id': 'C00682351', 'committee_type': 'H', 'committee_type_full': 'House', 'cycles': [2018], 'designation': 'P', 'designation_full': 'Principal campaign committee', 'filing_frequency': 'T', 'first_f1_date': '2018-07-09', 'first_file_date': '2018-07-09', 'last_f1_date': '2018-07-09', 'last_file_date': '2018-10-18', 'name': 'JAMAL FOR CONGRESS', 'organization_type': None, 'organization_type_full': None, 'party': 'DFL', 'party_full': 'DEMOCRATIC-FARM-LABOR', 'state': 'MN', 'treasurer_name': 'EDWARDS, BARRY'}]",MN
2016,P60012838,False,N,[2016],00,0.0,['00'],[2016],False,2015-08-25,False,,O,Open seat,2015-08-25,2015-08-25,2016-11-17T06:10:49,"ABDULHAMID, AMMAR",P,President,IND,INDEPENDENT,[],US
2024,P40013088,False,N,[2024],00,0.0,['00'],[2024],False,2023-05-25,False,,C,Challenger,2023-05-25,2023-05-25,2023-06-08T21:05:05,"ABDULLAHI, FUAD",P,President,AIP,AMERICAN INDEPENDENT PARTY,[],US
2022,H2OH09197,False,N,[2022],09,9.0,['09'],[2022],False,2022-02-22,False,,C,Challenger,2022-02-22,2022-02-22,2022-03-14T21:09:28,"ABDULLAHI, MUNIRA YASIN",H,House,DEM,DEMOCRATIC PARTY,[],OH
1984,H4CA29018,False,N,[1984],29,29.0,['29'],[1984],False,1983-12-12,False,,,,1983-12-12,1983-12-12,2002-03-30T00:00:00,"ABDULLAH, MUHAMMAD",H,House,IND,INDEPENDENT,"[{'affiliated_committee_name': None, 'candidate_ids': ['H4CA29018'], 'committee_id': 'C00173450', 'committee_type': 'H', 'committee_type_full': 'House', 'cycles': [1984], 'designation': 'P', 'designation_full': 'Principal campaign committee', 'filing_frequency': 'A', 'first_f1_date': '1983-12-12', 'first_file_date': '1983-12-12', 'last_f1_date': '1983-12-12', 'last_file_date': '1983-12-12', 'name': 'UHURU', 'organization_type': None, 'organization_type_full': None, 'party': 'IND', 'party_full': 'INDEPENDENT', 'state': 'CA', 'treasurer_name': 'AHMED HAMZA ABDULLAH'}]",CA
1989,H0TX18136,False,N,"[1990, 1992, 1994, 1996]",18,18.0,['18'],[1989],False,1989-10-10,False,,C,Challenger,1989-10-10,1989-10-10,2002-04-02T00:00:00,"ABDUL-RAHMAN, SOLOMON",H,House,REP,REPUBLICAN PARTY,"[{'affiliated_committee_name': None, 'candidate_ids': ['H0TX18136'], 'committee_id': 'C00238931', 'committee_type': 'H', 'committee_type_full': 'House', 'cycles': [1990, 1992, 1994, 1996], 'designation': 'P', 'designation_full': 'Principal campaign committee', 'filing_frequency': 'A', 'first_f1_date': '1989-10-10', 'first_file_date': '1989-10-10', 'last_f1_date': '1989-10-10', 'last_file_date': '1989-10-10', 'name': 'ABDUL-RAHMAN, SOLOMON', 'organization_type': None, 'organization_type_full': None, 'party': 'REP', 'party_full': 'REPUBLICAN PARTY', 'state': 'TX', 'treasurer_name': 'BARBARA GILLIAM'}]",TX
2022,H0CA50129,False,C,"[2020, 2022]",50,50.0,"['50', '50']","[2020, 2022]",False,2019-07-02,True,,C,Challenger,2019-10-14,2019-10-14,2021-10-17T01:37:37,"ABED, SAM",H,House,REP,REPUBLICAN PARTY,"[{'affiliated_committee_name': 'NONE', 'candidate_ids': ['H0CA50129'], 'committee_id': 'C00710863', 'committee_type': 'H', 'committee_type_full': 'House', 'cycles': [2020, 2022], 'designation': 'P', 'designation_full': 'Principal campaign committee', 'filing_frequency': 'T', 'first_f1_date': '2019-07-02', 'first_file_date': '2019-07-02', 'last_f1_date': '2019-10-14', 'last_file_date': '2022-01-07', 'name': 'SAM ABED FOR CONGRESS', 'organization_type': None, 'organization_type_full': None, 'party': 'REP', 'party_full': 'REPUBLICAN PARTY', 'state': 'CA', 'treasurer_name': 'ABED, MONA'}]",CA
1980,H0KS02048,False,N,[1980],02,2.0,['02'],[1980],False,,True,,,,,,2002-03-30T00:00:00,"ABELDT, LARRY",H,House,REP,REPUBLICAN PARTY,"[{'affiliated_committee_name': None, 'candidate_ids': ['H0KS02048'], 'committee_id': 'C00127845', 'committee_type': 'H', 'committee_type_full': 'House', 'cycles': [1980], 'designation': 'P', 'designation_full': 'Principal campaign committee', 'filing_frequency': 'T', 'first_f1_date': '1980-05-12', 'first_file_date': '1980-05-12', 'last_f1_date': '1980-05-12', 'last_file_date': '1981-02-23', 'name': 'CONCERNED KANSAS FOR ABELDT', 'organization_type': None, 'organization_type_full': None, 'party': 'REP', 'party_full': 'REPUBLICAN PARTY', 'state': 'KS', 'treasurer_name': 'DAN COUP'}]",KS
2014,S4MN00353,False,P,"[2014, 2016]",00,0.0,['00'],[2014],False,2013-07-08,True,,C,Challenger,2013-07-08,2013-07-08,2016-11-17T06:10:49,"ABELER, JAMES J",S,Senate,REP,REPUBLICAN PARTY,"[{'affiliated_committee_name': None, 'candidate_ids': ['S4MN00353'], 'committee_id': 'C00546630', 'committee_type': 'S', 'committee_type_full': 'Senate', 'cycles': [2014, 2016], 'designation': 'P', 'designation_full': 'Principal campaign committee', 'filing_frequency': 'T', 'first_f1_date': '2013-07-08', 'first_file_date': '2013-07-08', 'last_f1_date': '2013-07-18', 'last_file_date': '2016-09-20', 'name': 'ABELER4SENATE', 'organization_type': None, 'organization_type_full': None, 'party': 'REP', 'party_full': 'REPUBLICAN PARTY', 'state': 'MN', 'treasurer_name': 'BART J WARD'}]",MN
1992,H2CA09022,False,N,[1992],09,9.0,['09'],[1992],False,,False,,C,Challenger,,,2002-03-30T00:00:00,"ABEL, HELEN R",H,House,PAF,PEACE AND FREEDOM,[],CA
2024,P40014888,False,N,[2024],00,0.0,['00'],[2024],False,2023-08-14,False,,C,Challenger,2023-08-14,2023-08-23,2023-08-18T21:04:10,"ABEL, JESSICA L",P,President,REP,REPUBLICAN PARTY,[],US
1992,H2ID01069,False,N,[1992],01,1.0,['01'],[1992],False,,False,,C,Challenger,,,2002-03-30T00:00:00,"ABEL, JOHN",H,House,IND,INDEPENDENT,[],ID
2018,H8GA06377,False,P,"[2018, 2020]",06,6.0,['06'],[2018],False,2017-10-20,True,,C,Challenger,2017-10-20,2017-10-20,2019-03-27T16:02:41,"ABEL, KEVIN",H,House,DEM,DEMOCRATIC PARTY,"[{'affiliated_committee_name': 'NONE', 'candidate_ids': ['H8GA06377'], 'committee_id': 'C00658625', 'committee_type': 'H', 'committee_type_full': 'House', 'cycles': [2018, 2020], 'designation': 'P', 'designation_full': 'Principal campaign committee', 'filing_frequency': 'T', 'first_f1_date': '2017-10-20', 'first_file_date': '2017-10-20', 'last_f1_date': '2018-01-16', 'last_file_date': '2019-01-30', 'name': 'KEVIN ABEL FOR CONGRESS, INC.', 'organization_type': None, 'organization_type_full': None, 'party': 'DEM', 'party_full': 'DEMOCRATIC PARTY', 'state': 'GA', 'treasurer_name': 'ABEL, CINDY'}]",GA
1982,H2TX23033,False,N,[1982],23,23.0,['23'],[1982],False,,False,,,,,,2002-03-30T00:00:00,"ABELL, PARKER",H,House,LIB,LIBERTARIAN PARTY,[],TX
1984,H4TX23039,False,N,"[1984, 1986, 1988, 1990, 1992]",23,23.0,['23'],[1984],False,1984-02-09,False,,C,Challenger,1984-02-21,1984-02-21,2002-03-30T00:00:00,"ABELL, PARKER E",H,House,LIB,LIBERTARIAN PARTY,"[{'affiliated_committee_name': None, 'candidate_ids': ['H4TX23039'], 'committee_id': 'C00176743', 'committee_type': 'H', 'committee_type_full': 'House', 'cycles': [1984, 1986, 1988, 1990, 1992], 'designation': 'P', 'designation_full': 'Principal campaign committee', 'filing_frequency': 'A', 'first_f1_date': '1984-02-09', 'first_file_date': '1984-02-09', 'last_f1_date': '1984-04-06', 'last_file_date': '1992-03-25', 'name': 'ELECT PARKER ABELL', 'organization_type': None, 'organization_type_full': None, 'party': 'LIB', 'party_full': 'LIBERTARIAN PARTY', 'state': 'TX', 'treasurer_name': 'PARKER ABELL'}]",TX
2000,S0MI00155,False,P,"[2000, 2002]",00,0.0,['00'],[2000],False,2000-08-28,True,,C,Challenger,2000-08-28,2000-08-28,2002-04-12T00:00:00,"ABEL, MATTHEW R",S,Senate,UNK,UNKNOWN,"[{'affiliated_committee_name': None, 'candidate_ids': ['S0MI00155'], 'committee_id': 'C00361261', 'committee_type': 'S', 'committee_type_full': 'Senate', 'cycles': [2000, 2002], 'designation': 'P', 'designation_full': 'Principal campaign committee', 'filing_frequency': 'T', 'first_f1_date': '2000-08-28', 'first_file_date': '2000-08-28', 'last_f1_date': '2000-08-28', 'last_file_date': '2001-04-06', 'name': 'ABEL FOR SENATE', 'organization_type': None, 'organization_type_full': None, 'party': None, 'party_full': None, 'state': 'MI', 'treasurer_name': 'ALAN M JACOBSON'}]",MI
2006,H6MI09179,False,N,[2006],09,9.0,['09'],[2006],False,,False,,C,Challenger,,,2006-09-19T00:00:00,"ABEL, MATTHEW R.",H,House,GRE,GREEN PARTY,[],MI
2022,H2NY04251,False,N,"[2022, 2024]",04,4.0,['04'],[2022],False,2022-02-25,False,,C,Challenger,2022-02-25,2022-02-25,2022-03-14T21:09:28,"ABELOVE, JASON L",H,House,DEM,DEMOCRATIC PARTY,"[{'affiliated_committee_name': 'NONE', 'candidate_ids': ['H2NY04251'], 'committee_id': 'C00806679', 'committee_type': 'H', 'committee_type_full': 'House', 'cycles': [2022, 2024], 'designation': 'P', 'designation_full': 'Principal campaign committee', 'filing_frequency': 'A', 'first_f1_date': '2022-02-25', 'first_file_date': '2022-02-25', 'last_f1_date': '2022-02-25', 'last_file_date': '2023-11-15', 'name': 'ABELOVE FOR CONGRESS', 'organization_type': None, 'organization_type_full': None, 'party': 'DEM', 'party_full': 'DEMOCRATIC PARTY', 'state': 'NY', 'treasurer_name': 'GREENBERG, MICHAEL'}]",NY
2024,H4TX31057,False,C,[2024],31,31.0,['31'],[2024],False,2023-04-19,True,,C,Challenger,2023-04-19,2023-04-19,2024-01-30T21:02:09,"ABEL, WILLIAM",H,House,REP,REPUBLICAN PARTY,"[{'affiliated_committee_name': 'NONE', 'candidate_ids': ['H4TX31057'], 'committee_id': 'C00838342', 'committee_type': 'H', 'committee_type_full': 'House', 'cycles': [2024], 'designation': 'P', 'designation_full': 'Principal campaign committee', 'filing_frequency': 'T', 'first_f1_date': '2023-04-19', 'first_file_date': '2023-04-19', 'last_f1_date': '2024-01-19', 'last_file_date': '2024-04-19', 'name': 'WILLIAM ABEL COMMITTEE TO ELECT FOR US HOUSE DISTRICT. 31', 'organization_type': None, 'organization_type_full': None, 'party': 'REP', 'party_full': 'REPUBLICAN PARTY', 'state': 'TX', 'treasurer_name': 'ABEL, WILLIAM'}]",TX
2020,H0FL05162,False,N,[2020],05,5.0,['05'],[2020],False,2019-12-17,False,,C,Challenger,2019-12-17,2019-12-17,2019-12-30T21:08:41,"ABENCHUCHAN, ISAIAH",H,House,DEM,DEMOCRATIC PARTY,"[{'affiliated_committee_name': 'NONE', 'candidate_ids': ['H0FL05162'], 'committee_id': 'C00731299', 'committee_type': 'H', 'committee_type_full': 'House', 'cycles': [2020], 'designation': 'P', 'designation_full': 'Principal campaign committee', 'filing_frequency': 'T', 'first_f1_date': '2019-12-17', 'first_file_date': '2019-12-17', 'last_f1_date': '2019-12-17', 'last_file_date': '2020-06-07', 'name': 'ISAIAH ABENCHUCHAN FOR CONGRESS', 'organization_type': None, 'organization_type_full': None, 'party': 'DEM', 'party_full': 'DEMOCRATIC PARTY', 'state': 'FL', 'treasurer_name': 'ABENCHUCHAN, ISAIAH'}]",FL
2018,H8ND00120,False,N,"[2018, 2020, 2022]",00,0.0,['00'],[2018],False,,False,,O,Open seat,,,2018-05-17T21:10:29,"ABENTROTH, TIFFANY",H,House,REP,REPUBLICAN PARTY,"[{'affiliated_committee_name': 'NONE', 'candidate_ids': ['H8ND00120'], 'committee_id': 'C00667733', 'committee_type': 'H', 'committee_type_full': 'House', 'cycles': [2018, 2020, 2022], 'designation': 'P', 'designation_full': 'Principal campaign committee', 'filing_frequency': 'A', 'first_f1_date': '2018-01-30', 'first_file_date': '2018-01-30', 'last_f1_date': '2018-04-12', 'last_file_date': '2021-02-01', 'name': 'ABENTROTH FOR US CONGRESS', 'organization_type': None, 'organization_type_full': None, 'party': 'REP', 'party_full': 'REPUBLICAN PARTY', 'state': 'ND', 'treasurer_name': 'DENZ, ALAN LEE JR'}]",ND
2010,H6HI01121,False,P,"[1986, 1988, 1990, 1992, 1994, 1996, 1998, 2000, 2002, 2004, 2006, 2008, 2010, 2012]",01,1.0,"['01', '01', '01', '01', '01', '01', '01', '01', '01', '01', '01', '01', '01']","[1986, 1988, 1990, 1992, 1994, 1996, 1998, 2000, 2002, 2004, 2006, 2008, 2010]",False,1986-01-31,True,[2010],C,Challenger,2008-11-05,2008-11-05,2011-02-24T10:53:11,"ABERCROMBIE, NEIL",H,House,DEM,DEMOCRATIC PARTY,"[{'affiliated_committee_name': None, 'candidate_ids': ['H6HI01121'], 'committee_id': 'C00247379', 'committee_type': 'H', 'committee_type_full': 'House', 'cycles': [1990, 1992, 1994, 1996, 1998, 2000, 2002, 2004, 2006, 2008, 2010, 2012], 'designation': 'A', 'designation_full': 'Authorized by a candidate', 'filing_frequency': 'T', 'first_f1_date': '1990-07-25', 'first_file_date': '1990-07-25', 'last_f1_date': '2008-12-11', 'last_file_date': '2012-04-18', 'name': 'ABERCROMBIE FOR CONGRESS', 'organization_type': None, 'organization_type_full': None, 'party': 'DEM', 'party_full': 'DEMOCRATIC PARTY', 'state': 'HI', 'treasurer_name': 'JACK Y. ENDO'}, {'affiliated_committee_name': None, 'candidate_ids': ['H6HI01121'], 'committee_id': 'C00202283', 'committee_type': 'H', 'committee_type_full': 'House', 'cycles': [1986, 1988], 'designation': 'P', 'designation_full': 'Principal campaign committee', 'filing_frequency': 'T', 'first_f1_date': '1986-02-10', 'first_file_date': '1986-02-10', 'last_f1_date': '1987-03-30', 'last_file_date': '1988-06-24', 'name': 'ABERCROMBIE FOR CONGRESS', 'organization_type': None, 'organization_type_full': None, 'party': 'DEM', 'party_full': 'DEMOCRATIC PARTY', 'state': 'HI', 'treasurer_name': 'GEORGE M HUDES'}]",HI
2008,H8IL08093,False,N,[2008],08,8.0,['08'],[2008],False,,False,,C,Challenger,,,2007-12-10T00:00:00,"ABERNATHY, IAIN",H,House,OTH,OTHER,[],IL
2020,H0IN05268,False,C,[2020],05,5.0,['05'],[2020],False,2019-10-07,True,,O,Open seat,2019-10-07,2019-10-07,2020-02-24T21:12:33,"ABERNATHY, KENT",H,House,REP,REPUBLICAN PARTY,"[{'affiliated_committee_name': 'NONE', 'candidate_ids': ['H0IN05268'], 'committee_id': 'C00721985', 'committee_type': 'H', 'committee_type_full': 'House', 'cycles': [2020], 'designation': 'P', 'designation_full': 'Principal campaign committee', 'filing_frequency': 'T', 'first_f1_date': '2019-10-07', 'first_file_date': '2019-10-07', 'last_f1_date': '2019-10-07', 'last_file_date': '2020-08-13', 'name': 'KENT ABERNATHY FOR CONGRESS', 'organization_type': None, 'organization_type_full': None, 'party': 'REP', 'party_full': 'REPUBLICAN PARTY', 'state': 'IN', 'treasurer_name': 'MARTIN, STEVEN'}]",IN
1992,H2MO03043,False,N,[1992],03,3.0,['03'],[1992],False,1992-07-06,False,,C,Challenger,,1992-07-06,2002-03-30T00:00:00,"ABERNATHY, NED L.",H,House,DEM,DEMOCRATIC PARTY,[],MO
1977,H6GA05134,False,P,"[1978, 1980, 1982, 1984]",05,5.0,['05'],[1977],False,1977-02-11,True,,C,Challenger,1977-02-11,1980-07-27,2002-03-30T00:00:00,"ABERNATHY, RALPH DAVID",H,House,DEM,DEMOCRATIC PARTY,"[{'affiliated_committee_name': None, 'candidate_ids': ['H6GA05134'], 'committee_id': 'C00075903', 'committee_type': 'H', 'committee_type_full': 'House', 'cycles': [1978, 1980, 1982], 'designation': 'P', 'designation_full': 'Principal campaign committee', 'filing_frequency': 'A', 'first_f1_date': '1977-02-11', 'first_file_date': '1977-02-11', 'last_f1_date': '1977-02-28', 'last_file_date': '1981-12-03', 'name': 'ABERNATHY FOR CONGRESS COMMITTEE', 'organization_type': None, 'organization_type_full': None, 'party': 'DEM', 'party_full': 'DEMOCRATIC PARTY', 'state': 'GA', 'treasurer_name': 'DR. OTIS SMITH'}]",GA
1984,H4AR01010,False,N,[1984],01,1.0,['01'],[1984],False,,False,,,,,,2002-03-30T00:00:00,"ABERNATHY, STEVE",H,House,DEM,DEMOCRATIC PARTY,[],AR
1984,H4PA20012,False,C,[1984],20,20.0,['20'],[1984],False,1984-02-29,True,,,,1984-02-29,1984-02-29,2002-03-30T00:00:00,"ABER, ROBERT M",H,House,DEM,DEMOCRATIC PARTY,"[{'affiliated_committee_name': None, 'candidate_ids': ['H4PA20012'], 'committee_id': 'C00178152', 'committee_type': 'H', 'committee_type_full': 'House', 'cycles': [1984], 'designation': 'P', 'designation_full': 'Principal campaign committee', 'filing_frequency': 'T', 'first_f1_date': '1984-02-29', 'first_file_date': '1984-02-29', 'last_f1_date': '1984-02-29', 'last_file_date': '1985-03-15', 'name': 'BOB ABER FOR CONGRESS', 'organization_type': None, 'organization_type_full': None, 'party': 'DEM', 'party_full': 'DEMOCRATIC PARTY', 'state': 'PA', 'treasurer_name': 'JAMES J CIOPPA'}]",PA
2024,H4OH15075,False,C,[2024],15,15.0,['15'],[2024],False,2023-10-13,True,,C,Challenger,2023-10-13,2023-10-13,2023-10-29T21:00:13,"ABID, ZERQA",H,House,DEM,DEMOCRATIC PARTY,"[{'affiliated_committee_name': 'ZERQA AND ILHAN VICTORY FUND', 'candidate_ids': ['H4OH15075'], 'committee_id': 'C00837542', 'committee_type': 'H', 'committee_type_full': 'House', 'cycles': [2024], 'designation': 'P', 'designation_full': 'Principal campaign committee', 'filing_frequency': 'T', 'first_f1_date': '2023-04-11', 'first_file_date': '2023-04-11', 'last_f1_date': '2024-03-11', 'last_file_date': '2024-07-22', 'name': 'ZERQA ABID FOR CONGRESS', 'organization_type': None, 'organization_type_full': None, 'party': 'DEM', 'party_full': 'DEMOCRATIC PARTY', 'state': 'OH', 'treasurer_name': 'ABID, ZAFAR'}]",OH
2024,P40020059,False,N,[2024],00,0.0,['00'],[2024],False,2024-05-24,False,,C,Challenger,2024-05-24,2024-05-28,2024-06-04T21:13:18,"ABITTAN, ALEXANDER",P,President,DEM,DEMOCRATIC PARTY,"[{'affiliated_committee_name': 'NONE', 'candidate_ids': ['P40020059'], 'committee_id': 'C00879700', 'committee_type': 'P', 'committee_type_full': 'Presidential', 'cycles': [2024], 'designation': 'P', 'designation_full': 'Principal campaign committee', 'filing_frequency': 'Q', 'first_f1_date': '2024-05-24', 'first_file_date': '2024-05-24', 'last_f1_date': '2024-05-24', 'last_file_date': '2024-06-12', 'name': 'H2O, ENT., INC.', 'organization_type': None, 'organization_type_full': None, 'party': 'DEM', 'party_full': 'DEMOCRATIC PARTY', 'state': 'FL', 'treasurer_name': 'LEVI, NIV'}]",US
2022,H2HI01146,False,N,[2022],01,1.0,['01'],[2022],False,,False,,C,Challenger,,,2022-08-15T21:09:17,"ABKIN, STEVEN L.",H,House,N,NONPARTISAN,[],HI
1988,H8CT04131,False,N,[1988],04,4.0,['04'],[1988],False,,False,,O,Open seat,,,2002-03-30T00:00:00,"ABLE, ALAN",H,House,UNK,UNKNOWN,[],CT
2016,P60014461,False,N,"[2016, 2018]",00,0.0,['00'],[2016],False,2015-09-02,False,,O,Open seat,2015-09-02,2015-09-02,2018-02-17T09:16:20,"ABLEIDINGER, PHILL ALEXANDER",P,President,DEM,DEMOCRATIC PARTY,"[{'affiliated_committee_name': 'NONE', 'candidate_ids': ['P60014461'], 'committee_id': 'C00585851', 'committee_type': 'P', 'committee_type_full': 'Presidential', 'cycles': [2016, 2018], 'designation': 'P', 'designation_full': 'Principal campaign committee', 'filing_frequency': 'A', 'first_f1_date': '2015-09-02', 'first_file_date': '2015-09-02', 'last_f1_date': '2015-09-02', 'last_file_date': '2018-04-26', 'name': 'PHILL FOR AMERICA', 'organization_type': None, 'organization_type_full': None, 'party': 'DEM', 'party_full': 'DEMOCRATIC PARTY', 'state': 'MN', 'treasurer_name': 'KARAZERIS, MICHAEL'}]",US
2014,S4LA00156,False,P,"[2014, 2016]",00,0.0,['00'],[2014],False,2014-09-12,True,,C,Challenger,2014-09-12,2014-09-12,2016-11-17T06:10:49,"ABLES, MURIEL WAYNE",S,Senate,DEM,DEMOCRATIC PARTY,"[{'affiliated_committee_name': None, 'candidate_ids': ['S4LA00156'], 'committee_id': 'C00568790', 'committee_type': 'S', 'committee_type_full': 'Senate', 'cycles': [2014, 2016], 'designation': 'P', 'designation_full': 'Principal campaign committee', 'filing_frequency': 'T', 'first_f1_date': '2014-09-12', 'first_file_date': '2014-09-12', 'last_f1_date': '2014-09-12', 'last_file_date': '2015-02-03', 'name': 'MURIEL WAYNE ABLES FOR SENATE', 'organization_type': None, 'organization_type_full': None, 'party': 'DEM', 'party_full': 'DEMOCRATIC PARTY', 'state': 'LA', 'treasurer_name': 'MURIEL WAYNE ABLES'}]",LA
2016,P60020690,False,N,"[2016, 2018]",00,0.0,['00'],[2016],False,2016-03-22,False,,O,Open seat,2016-07-18,2016-07-18,2018-02-17T09:16:20,"ABLO, ANDY",P,President,IND,INDEPENDENT,"[{'affiliated_committee_name': 'NONE', 'candidate_ids': ['P60020690'], 'committee_id': 'C00613554', 'committee_type': 'P', 'committee_type_full': 'Presidential', 'cycles': [2016, 2018], 'designation': 'P', 'designation_full': 'Principal campaign committee', 'filing_frequency': 'A', 'first_f1_date': '2016-04-01', 'first_file_date': '2016-04-01', 'last_f1_date': '2016-04-01', 'last_file_date': '2018-04-26', 'name': 'ANDYABLO2016', 'organization_type': None, 'organization_type_full': None, 'party': 'LIB', 'party_full': 'LIBERTARIAN PARTY', 'state': 'CO', 'treasurer_name': 'ABLO, ANDY'}]",US
2004,H4KY06122,False,N,[2004],06,6.0,['06'],[2004],False,,False,,O,Open seat,,,2004-09-16T00:00:00,"ABNER, STACY",H,House,CST,CONSTITUTIONAL,[],KY
2023,H4RI01281,False,C,[2024],01,1.0,['01'],[2023],False,2023-04-27,True,,O,Open seat,2023-04-27,2023-04-27,2023-07-13T21:06:27,"ABNEY, MARVIN L.",H,House,DEM,DEMOCRATIC PARTY,"[{'affiliated_committee_name': 'FRIENDS OF MARVIN ABNEY', 'candidate_ids': ['H4RI01281'], 'committee_id': 'C00839126', 'committee_type': 'H', 'committee_type_full': 'House', 'cycles': [2024], 'designation': 'P', 'designation_full': 'Principal campaign committee', 'filing_frequency': 'Q', 'first_f1_date': '2023-04-27', 'first_file_date': '2023-04-27', 'last_f1_date': '2023-04-27', 'last_file_date': '2024-07-10', 'name': 'MARVIN ABNEY FOR CONGRESS', 'organization_type': None, 'organization_type_full': None, 'party': 'DEM', 'party_full': 'DEMOCRATIC PARTY', 'state': 'RI', 'treasurer_name': 'TSANDILAS, MICHAEL J.'}]",RI
2024,H4TN05145,False,C,[2024],05,5.0,['05'],[2024],False,2024-04-13,True,,C,Challenger,2024-04-13,2024-04-13,2024-07-16T21:10:06,"ABOLFAZLI, MARYAM.",H,House,DEM,DEMOCRATIC PARTY,"[{'affiliated_committee_name': 'NONE', 'candidate_ids': ['H4TN05145'], 'committee_id': 'C00874602', 'committee_type': 'H', 'committee_type_full': 'House', 'cycles': [2024], 'designation': 'P', 'designation_full': 'Principal campaign committee', 'filing_frequency': 'Q', 'first_f1_date': '2024-03-28', 'first_file_date': '2024-03-28', 'last_f1_date': '2024-03-28', 'last_file_date': '2024-07-26', 'name': 'MARYAM FOR CONGRESS', 'organization_type': None, 'organization_type_full': None, 'party': 'DEM', 'party_full': 'DEMOCRATIC PARTY', 'state': 'TN', 'treasurer_name': 'PATTON, CHRIS'}]",TN
2012,H2AZ02279,False,P,"[2012, 2014]",02,2.0,['02'],[2012],False,2012-02-15,True,,C,Challenger,2012-02-15,2012-02-15,2013-04-26T09:04:30,"ABOUD, PAULA ANN",H,House,DEM,DEMOCRATIC PARTY,"[{'affiliated_committee_name': None, 'candidate_ids': ['H2AZ02279'], 'committee_id': 'C00514810', 'committee_type': 'H', 'committee_type_full': 'House', 'cycles': [2012, 2014], 'designation': 'P', 'designation_full': 'Principal campaign committee', 'filing_frequency': 'T', 'first_f1_date': '2012-03-07', 'first_file_date': '2012-03-07', 'last_f1_date': '2012-03-07', 'last_file_date': '2013-05-13', 'name': 'PAULA ABOUD FOR CONGRESS', 'organization_type': None, 'organization_type_full': None, 'party': 'DEM', 'party_full': 'DEMOCRATIC PARTY', 'state': 'AZ', 'treasurer_name': 'JEFFRY S DOBBINS'}]",AZ
2024,H4FL02112,False,C,[2024],12,12.0,['12'],[2024],False,2024-04-23,True,,C,Challenger,2024-04-26,2024-04-26,2024-07-16T21:10:06,"ABOUJAOUDE, ROCK ADEL MR. JR",H,House,DEM,DEMOCRATIC PARTY,"[{'affiliated_committee_name': 'NONE', 'candidate_ids': ['H4FL02112'], 'committee_id': 'C00876888', 'committee_type': 'H', 'committee_type_full': 'House', 'cycles': [2024], 'designation': 'P', 'designation_full': 'Principal campaign committee', 'filing_frequency': 'Q', 'first_f1_date': '2024-04-23', 'first_file_date': '2024-04-23', 'last_f1_date': '2024-04-26', 'last_file_date': '2024-08-08', 'name': 'ROCK FOR FLORIDA', 'organization_type': None, 'organization_type_full': None, 'party': 'DEM', 'party_full': 'DEMOCRATIC PARTY', 'state': 'FL', 'treasurer_name': 'ABOUJAOUDE, ROCK ADEL MR. JR'}]",FL
1994,H4FL22029,False,N,[1994],22,22.0,['22'],[1994],False,1994-03-28,False,,C,Challenger,1994-03-28,1994-03-28,2002-03-30T00:00:00,"ABOUMRAD, ARTHUR G MR",H,House,IND,INDEPENDENT,[],FL
2016,P60005766,False,N,"[2016, 2018, 2020, 2022, 2024]",00,0.0,['00'],[2016],False,2015-01-29,False,,O,Open seat,2016-07-08,2016-07-08,2021-12-08T06:50:50,"ABOVE, ZERO, NONE OF THE",P,President,W,WRITE-IN,"[{'affiliated_committee_name': 'NONE', 'candidate_ids': ['P00006460', 'P40004467', 'P60005766'], 'committee_id': 'C00572032', 'committee_type': 'P', 'committee_type_full': 'Presidential', 'cycles': [2016, 2018, 2020, 2022, 2024], 'designation': 'P', 'designation_full': 'Principal campaign committee', 'filing_frequency': 'Q', 'first_f1_date': '2015-01-29', 'first_file_date': '2015-01-29', 'last_f1_date': '2015-03-06', 'last_file_date': '2015-03-06', 'name': 'WILLITA D BUSH FOR PRESIDENT EXPLORATORY COMMITTEE', 'organization_type': None, 'organization_type_full': None, 'party': 'GRE', 'party_full': 'GREEN PARTY', 'state': 'MO', 'treasurer_name': 'BUSH, WILLITA D'}]",US
2016,P60022233,False,N,[2016],00,0.0,['00'],[2016],False,,False,,O,Open seat,,,2016-11-17T06:10:49,"ABOZAID, ABDULRAQEEB",P,President,DEM,DEMOCRATIC PARTY,[],US
2016,P60022290,False,N,"[2016, 2018]",00,0.0,['00'],[2016],False,2016-07-21,False,,O,Open seat,2016-07-21,2016-07-21,2018-02-17T09:16:20,"ABOZAID, ABDULRAQEEBB MR.",P,President,IND,INDEPENDENT,"[{'affiliated_committee_name': 'NONE', 'candidate_ids': ['P60022290'], 'committee_id': 'C00622092', 'committee_type': 'P', 'committee_type_full': 'Presidential', 'cycles': [2016, 2018], 'designation': 'P', 'designation_full': 'Principal campaign committee', 'filing_frequency': 'A', 'first_f1_date': '2016-07-21', 'first_file_date': '2016-07-21', 'last_f1_date': '2016-07-21', 'last_file_date': '2018-04-26', 'name': 'ABOZAID FOR PRESIDENT', 'organization_type': None, 'organization_type_full': None, 'party': 'IND', 'party_full': 'INDEPENDENT', 'state': 'CA', 'treasurer_name': 'ABOZAID, ABDULRAQEEB'}]",US
2014,H4UT03187,False,N,[2014],03,3.0,['03'],[2014],False,,False,,C,Challenger,,,2014-03-21T22:05:09,ABRAHAM,H,House,IAP,INDEPENDENT AMERICAN PARTY,[],UT
2020,H4LA05221,True,C,"[2014, 2016, 2018, 2020]",05,5.0,"['05', '05', '05', '05']","[2014, 2016, 2018, 2020]",False,2014-05-23,True,[2020],I,Incumbent,2019-07-22,2019-07-22,2019-07-29T21:14:14,"ABRAHAM, RALPH LEE DR. JR.",H,House,REP,REPUBLICAN PARTY,"[{'affiliated_committee_name': 'FRESHMAN AGRICULTURAL REPUBLICAN MEMBERS TRUST AKA FARM TRUST', 'candidate_ids': ['H4LA05221'], 'committee_id': 'C00563940', 'committee_type': 'H', 'committee_type_full': 'House', 'cycles': [2014, 2016, 2018, 2020], 'designation': 'P', 'designation_full': 'Principal campaign committee', 'filing_frequency': 'T', 'first_f1_date': '2014-05-28', 'first_file_date': '2014-05-28', 'last_f1_date': '2015-04-13', 'last_file_date': '2020-09-03', 'name': 'RALPH ABRAHAM FOR CONGRESS', 'organization_type': None, 'organization_type_full': None, 'party': 'REP', 'party_full': 'REPUBLICAN PARTY', 'state': 'LA', 'treasurer_name': 'ELIAS, CHAD'}]",LA
1988,H6CA24097,False,N,"[1986, 1988]",24,24.0,"['24', '24']","[1986, 1988]",False,,False,,C,Challenger,,,2002-03-30T00:00:00,"ABRAHAMS, GEORGE",H,House,LIB,LIBERTARIAN PARTY,[],CA
2024,H4GA06137,False,C,[2024],07,7.0,['07'],[2024],False,2023-07-06,True,,C,Challenger,2024-01-18,2024-01-18,2024-01-18T21:01:50,"ABRAHAM, SHELLY JOHN",H,House,DEM,DEMOCRATIC PARTY,"[{'affiliated_committee_name': 'NONE', 'candidate_ids': ['H4GA06137'], 'committee_id': 'C00844803', 'committee_type': 'H', 'committee_type_full': 'House', 'cycles': [2024], 'designation': 'P', 'designation_full': 'Principal campaign committee', 'filing_frequency': 'Q', 'first_f1_date': '2023-07-06', 'first_file_date': '2023-07-06', 'last_f1_date': '2024-01-18', 'last_file_date': '2024-08-02', 'name': 'SHELLY ABRAHAM FOR GA 6', 'organization_type': None, 'organization_type_full': None, 'party': 'DEM', 'party_full': 'DEMOCRATIC PARTY', 'state': 'GA', 'treasurer_name': 'ABRAHAM, SHELLY'}]",GA
2014,H4NY04067,False,P,"[2014, 2016]",04,4.0,['04'],[2014],False,2014-02-03,True,,O,Open seat,2014-02-03,2014-02-03,2015-04-02T15:52:44,"ABRAHAMS, KEVAN",H,House,DEM,DEMOCRATIC PARTY,"[{'affiliated_committee_name': None, 'candidate_ids': ['H4NY04067'], 'committee_id': 'C00555292', 'committee_type': 'H', 'committee_type_full': 'House', 'cycles': [2014, 2016], 'designation': 'P', 'designation_full': 'Principal campaign committee', 'filing_frequency': 'A', 'first_f1_date': '2014-01-24', 'first_file_date': '2014-01-24', 'last_f1_date': '2014-02-11', 'last_file_date': '2015-12-16', 'name': 'FRIENDS OF KEVAN ABRAHAMS', 'organization_type': None, 'organization_type_full': None, 'party': 'DEM', 'party_full': 'DEMOCRATIC PARTY', 'state': 'NY', 'treasurer_name': 'JEFFREY GUILLOT'}]",NY
